{"width":512,"imagePath":"scientist_01_tex.png","SubTexture":[{"width":264,"y":192,"height":199,"name":"body","x":1},{"width":90,"y":380,"height":99,"name":"R_arm1","x":360},{"width":91,"y":105,"height":82,"name":"R_forearm","x":403},{"width":117,"y":1,"height":103,"name":"hand_L_relaxed","x":284},{"width":69,"y":481,"height":127,"name":"hand_R","x":360},{"width":78,"y":393,"height":92,"name":"hand_R_fist","x":91},{"width":91,"y":380,"height":100,"name":"L_arm1","x":267},{"width":88,"y":393,"height":87,"name":"L_forearm","x":1},{"width":72,"y":106,"height":84,"name":"hand_L_fist","x":284},{"width":68,"y":481,"height":128,"name":"hand_L","x":431},{"width":106,"y":1,"height":102,"name":"hand_R_relaxed","x":403},{"width":281,"y":1,"height":189,"name":"head","x":1},{"width":70,"y":561,"height":72,"name":"R_eye_bored","x":73},{"width":70,"y":487,"height":72,"name":"R_eye_sad","x":73},{"width":57,"y":380,"height":66,"name":"eye_R","x":452},{"width":69,"y":393,"height":77,"name":"angry_eye_R_angry","x":171},{"width":53,"y":482,"height":61,"name":"R_eye_closed","x":243},{"width":53,"y":482,"height":59,"name":"L_eye_closed","x":298},{"width":70,"y":482,"height":78,"name":"angry_eye_L_angry","x":1},{"width":70,"y":472,"height":72,"name":"L_eye_sad","x":171},{"width":60,"y":634,"height":66,"name":"eye_L","x":1},{"width":68,"y":562,"height":70,"name":"L_eye_bored","x":1},{"width":57,"y":546,"height":33,"name":"mouth_smile","x":145},{"width":41,"y":573,"height":6,"name":"mouth","x":204},{"width":72,"y":581,"height":22,"name":"brow_L","x":145},{"width":75,"y":545,"height":26,"name":"brow_R","x":243},{"width":232,"y":192,"height":186,"name":"hair","x":267},{"frameWidth":17,"y":546,"frameHeight":17,"width":11,"frameX":-3,"height":11,"name":"1pupil","frameY":-2,"x":204}],"height":1024,"name":"scientist_01"}