{"frameRate":30,"name":"scientist_01","version":"5.5","compatibleVersion":"5.5","armature":[{"type":"Armature","frameRate":30,"name":"Armature","aabb":{"x":-274.46,"y":-388.52,"width":563.99,"height":387.75},"bone":[{"name":"root"},{"name":"3d_torso","parent":"root","transform":{"x":229.4032,"y":-252.7828}},{"name":"3d_head","parent":"root","transform":{"x":229.4,"y":-326.8}},{"length":37,"name":"body","parent":"root","transform":{"x":6.8,"y":-16.05,"skX":-90,"skY":-90}},{"length":65,"name":"body1","parent":"body","transform":{"x":37.4261,"y":0.2013}},{"length":81,"name":"body2","parent":"body1","transform":{"x":65.1161}},{"length":61,"name":"L_clavicles","parent":"body2","transform":{"x":44.448,"y":45.497,"skX":108.647,"skY":108.647}},{"length":56,"name":"R_clavicles","parent":"body2","transform":{"x":46.5277,"y":-49.2815,"skX":-93.2165,"skY":-93.2165}},{"length":157,"name":"head","parent":"body2","transform":{"x":66.8269,"y":0.0825,"skX":0.5477,"skY":0.5477}},{"length":40,"name":"hair1","parent":"head","transform":{"x":145.9795,"y":7.8039,"skX":-114.5927,"skY":-114.5927}},{"name":"mouth_masterCtrl","parent":"head","transform":{"x":41.1522,"y":-201.1064,"skX":91.5482,"skY":91.5482}},{"name":"brow_masterCtrl","parent":"head","transform":{"x":109.1228,"y":-201.7318,"skX":91.5482,"skY":91.5482}},{"length":60,"name":"L_arm","parent":"L_clavicles","transform":{"x":61.3211,"y":0.289,"skX":11.9236,"skY":11.9236}},{"length":69,"name":"R_arm","parent":"R_clavicles","transform":{"x":56.0125,"y":-0.1043,"skX":-35.6129,"skY":-35.6129}},{"name":"pupil","parent":"head","transform":{"x":57.9218,"y":-200.9819,"skX":91.5482,"skY":91.5482}},{"name":"brow_R","parent":"brow_masterCtrl","transform":{"x":249.1,"y":0.05}},{"name":"brow_L","parent":"brow_masterCtrl","transform":{"x":153.5308,"y":5.4732,"skX":3.5789,"skY":3.5789}},{"name":"R_mouth_conner","parent":"mouth_masterCtrl","transform":{"x":-47.3536,"y":0.0298,"skX":-2.2139,"skY":-2.2139}},{"name":"L_mouth","parent":"mouth_masterCtrl","transform":{"x":-61.1587,"y":0.0984}},{"name":"L_mouth_conner","parent":"mouth_masterCtrl","transform":{"x":-102.0333,"y":1.1653,"skX":-2.5411,"skY":-2.5411}},{"length":55,"name":"R_forearm","parent":"R_arm","transform":{"x":69.1851,"y":-0.14,"skX":-1.2005,"skY":-1.2005}},{"length":55,"name":"L_forearm","parent":"L_arm","transform":{"x":60.3615,"y":-0.1855,"skX":7.9963,"skY":7.9963}},{"name":"R_mouth","parent":"mouth_masterCtrl","transform":{"x":-89.1884,"y":0.8035}},{"name":"mouth_middle","parent":"mouth_masterCtrl","transform":{"x":-75.3459,"y":0.4228}},{"length":43,"name":"hair2","parent":"hair1","transform":{"x":40.0501,"y":0.3138,"skX":17.4263,"skY":17.4263}},{"name":"brow_R1","parent":"brow_R","transform":{"x":-20.35,"y":0.55}},{"name":"brow_L1","parent":"brow_L","transform":{"x":20.3,"y":-1.15}},{"length":77,"name":"L_hand","parent":"L_forearm","transform":{"x":55.3626,"y":-0.0055,"skX":-1.7156,"skY":-1.7156}},{"name":"brow_L2","parent":"brow_L","transform":{"x":-19.15,"skX":-0.0183,"skY":-0.0183}},{"name":"brow_R2","parent":"brow_R","transform":{"x":17.9797,"y":-0.5683}},{"length":63,"name":"R_hand","parent":"R_forearm","transform":{"x":54.8719,"y":-0.1175,"skX":0.1466,"skY":0.1466}},{"length":50,"name":"R_Thumb","parent":"R_hand","transform":{"x":-23.0914,"y":-0.2165,"skX":175.5027,"skY":175.5027}},{"length":46,"name":"L_thumb","parent":"L_hand","transform":{"x":-19.4386,"y":-0.4571,"skX":-179.0442,"skY":-179.0442}}],"slot":[{"name":"body","parent":"body2"},{"name":"R_arm1","parent":"root"},{"name":"R_forearm","parent":"R_forearm"},{"displayIndex":1,"name":"R_hand","parent":"R_hand"},{"name":"L_arm11","parent":"root"},{"name":"L_forearm","parent":"L_forearm"},{"displayIndex":1,"name":"L_hand","parent":"L_thumb"},{"name":"head","parent":"head"},{"name":"eye_R","parent":"head"},{"name":"eye_L","parent":"head"},{"name":"mouth","parent":"mouth_masterCtrl"},{"name":"brow_L","parent":"brow_L2"},{"name":"brow_R","parent":"brow_R2"},{"name":"hair","parent":"hair2"},{"name":"1pupil","parent":"pupil"},{"name":"1pupil1","parent":"pupil"},{"displayIndex":-1,"name":"hand_L_fist","parent":"root"}],"skin":[{"slot":[{"name":"1pupil1","display":[{"name":"1pupil","transform":{"x":251,"y":-7.42,"skX":-1.89,"skY":-1.89,"scX":0.8,"scY":0.8}}]},{"name":"L_hand","display":[{"type":"mesh","name":"L_hand_like","width":68,"height":128,"path":"hand_L","vertices":[150.75,-111.33,159.19,-101.56,168.61,-90.25,176.91,-80.33,180.03,-66.52,191.32,-54.69,202.65,-42.14,214.3,-30.72,224.4,-24.09,241.14,-36.31,255.55,-51.25,263.38,-62.02,255.58,-78.45,244.78,-91.59,229.31,-104.07,218.39,-109.02,206.49,-104.28,193.5,-108.26,180.35,-118.75,172.28,-128.86,162.37,-131.71,151.4,-121.32,178.03,-75.41,202.74,-105.43],"uvs":[0.29265,0.0543,0.26765,0.1543,0.23529,0.26797,0.20735,0.36797,0.08603,0.45781,0.06618,0.58516,0.03897,0.71641,0.02721,0.84375,0.05294,0.93711,0.35074,0.97148,0.65588,0.97813,0.85074,0.96797,0.95515,0.83711,0.99412,0.70586,0.98015,0.55078,0.92794,0.46133,0.75956,0.41641,0.67647,0.31992,0.66324,0.18867,0.69559,0.08906,0.63015,0.01641,0.40882,0.00625,0.16414,0.39997,0.73554,0.38851],"triangles":[16,5,14,9,12,13,6,9,13,14,5,13,5,6,13,9,10,12,15,16,14,10,11,12,23,3,16,3,22,16,22,5,16,4,5,22,17,3,23,6,7,9,18,2,17,21,0,19,0,1,19,20,21,19,1,18,19,2,3,17,1,2,18,7,8,9],"weights":[1,32,1,1,32,1,1,32,1,2,27,0.5,32,0.5,1,27,1,1,27,1,1,27,1,1,27,1,1,27,1,1,27,1,1,27,1,1,27,1,1,27,1,1,27,1,1,27,1,1,27,1,2,27,0.77,32,0.23,1,32,1,1,32,1,1,32,1,1,32,1,1,32,1,2,27,0.77,32,0.23,2,27,0.5,32,0.5],"slotPose":[1,0,0,1,0,0],"bonePose":[27,0.800195,0.59974,-0.59974,0.800195,205.864242,-78.10937,32,-0.748135,-0.663546,0.663546,-0.748135,190.58374,-90.133215],"edges":[0,1,1,2,2,3,4,5,5,6,6,7,7,8,8,9,9,10,10,11,11,12,12,13,13,14,14,15,15,16,17,18,18,19,19,20,20,21,21,0,3,22,22,4,16,23,23,17],"userEdges":[]},{"type":"mesh","name":"L_hand_normal","width":106,"height":102,"path":"hand_R_relaxed","vertices":[208.16,-97.64,222.65,-108.01,227.19,-101.59,235.21,-92.42,248.57,-79.47,258.52,-69.56,268.58,-58.72,278.79,-42.84,286.04,-23.26,277.96,-9.84,264.44,-3.34,251.07,-10.36,243.26,-21.51,234.15,-34.61,220.73,-43.99,207.75,-53.97,193.94,-65.78,190.81,-76.93,198.64,-87.5],"uvs":[0.14528,0.12549,0.27075,0.00931,0.31981,0.06716,0.40142,0.15,0.53868,0.26275,0.64198,0.34902,0.74717,0.44412,0.85896,0.58824,0.9467,0.77157,0.88443,0.91078,0.76415,0.98824,0.6316,0.93382,0.54717,0.83333,0.44858,0.7152,0.31321,0.63775,0.18255,0.55343,0.04387,0.45098,0.0033,0.34559,0.06604,0.23431],"triangles":[7,9,8,12,11,7,7,11,9,11,10,9,13,12,6,6,12,7,5,13,6,4,14,5,14,13,5,3,15,4,15,14,4,18,15,3,0,18,3,2,0,3,18,16,15,1,0,2,17,16,18],"weights":[1,21,1,1,21,1,1,21,1,2,27,0.73,21,0.27,1,27,1,1,27,1,1,27,1,1,27,1,1,27,1,1,27,1,1,27,1,1,27,1,1,27,1,1,27,1,1,27,1,2,27,0.73,21,0.27,1,21,1,1,21,1,1,21,1],"slotPose":[1,0,0,1,0,0],"bonePose":[21,0.770694,0.637206,-0.637206,0.770694,167.151588,-121.447859,27,0.737729,0.675098,-0.675098,0.737729,209.8227,-86.174685],"edges":[0,1,1,2,2,3,3,4,4,5,5,6,6,7,7,8,8,9,9,10,10,11,11,12,12,13,13,14,14,15,15,16,16,17,17,18,18,0],"userEdges":[]},{"type":"mesh","name":"hand_L_fist","width":72,"height":84,"vertices":[189.55,-68.09,198.2,-81.59,208.47,-92.17,217.7,-101.33,220.92,-97.76,225.69,-92.69,235.33,-82.07,249.98,-69.72,261.79,-58.22,267.93,-47.74,258.17,-33.15,244.49,-19.57,231.41,-17.03,216.22,-14.14,209.89,-19.53,201.56,-33.26,196.36,-45.51,193.2,-58.31,189.39,-62.14,187.4,-65.06,213.2,-90.5,197.4,-72.6],"uvs":[0.3,0.04881,0.5375,0.00357,0.76111,0,0.95833,0,0.95486,0.0625,0.95208,0.15298,0.94236,0.33929,0.96806,0.5875,0.97222,0.80179,0.92639,0.95476,0.66528,1,0.37292,1,0.20486,0.90357,0.01042,0.79107,0,0.68333,0.05694,0.48036,0.13194,0.31964,0.23472,0.17262,0.23472,0.10238,0.24444,0.05714,0.79415,0.05875,0.43272,0.07918],"triangles":[5,20,6,6,16,7,7,10,8,10,9,8,20,5,4,12,10,7,15,12,7,16,15,7,20,4,3,2,20,3,21,16,6,20,21,6,17,16,21,12,11,10,2,1,20,1,21,20,15,14,12,0,21,1,18,17,0,0,17,21,14,13,12,19,18,0],"weights":[1,21,1,1,21,1,1,21,1,1,21,1,1,21,1,2,27,0.51,21,0.49,1,27,1,1,27,1,1,27,1,1,27,1,1,27,1,1,27,1,1,27,1,1,27,1,1,27,1,1,27,1,1,27,1,2,27,0.25,21,0.75,1,21,1,1,21,1,1,21,1,1,21,1],"slotPose":[1,0,0,1,0,0],"bonePose":[27,0.800195,0.59974,-0.59974,0.800195,205.864242,-78.10937,21,0.781881,0.623428,-0.623428,0.781881,162.573861,-112.619709],"edges":[0,1,1,2,2,3,3,4,4,5,5,6,6,7,7,8,8,9,9,10,10,11,11,12,12,13,13,14,14,15,15,16,16,17,17,18,18,19,19,0],"userEdges":[]}]},{"name":"hair","display":[{"type":"mesh","name":"hair","width":232,"height":186,"vertices":[-91.94,-206.4,-92.49,-239.65,-88.09,-277.6,-60.19,-317.75,-11.94,-307.8,20.41,-317.4,32.81,-326,54.06,-317.95,80.51,-299.2,91.91,-277.4,97.11,-251.6,96.41,-228.35,92.71,-207.25,105.36,-206.95,111.91,-228.4,113.56,-253.4,113.96,-280.35,110.06,-309.7,100.66,-339.65,73.46,-367.95,30.96,-376.9,-2.54,-381.06,-38.69,-377.95,-63.84,-369.9,-91.94,-350.1,-110.84,-323.2,-115.59,-284.15,-113.34,-242.95,-104.59,-205.85,-61.45,-304.75,-75.79,-307.69,-63.47,-307.4,-29.77,-322.18,-18.99,-328.5,2.41,-332.15,18.31,-332.7,-35.38,-322.12,-45.48,-315.29,-36.28,-306.3,-41.29,-311.35,-21.24,-315.8,-6.79,-318.65,0.63,-311.53,10.96,-325.05,-53.29,-351.2,-1.49,-350.6,41.66,-352.7],"uvs":[0.10797,0.93898,0.1056,0.76022,0.12457,0.55618,0.24483,0.34032,0.4528,0.39382,0.59224,0.3422,0.6444,0.29606,0.73728,0.33978,0.85129,0.44005,0.90043,0.5578,0.92284,0.69382,0.91983,0.82366,0.90388,0.93441,0.95841,0.93602,0.98664,0.8207,0.99375,0.68629,0.99547,0.53871,0.97866,0.3836,0.93815,0.22258,0.82091,0.07043,0.63762,0.02016,0.49332,0,0.3375,0.01677,0.22909,0.05995,0.10797,0.1664,0.02651,0.31102,0.00603,0.52097,0.01573,0.74247,0.05345,0.94194,0.2394,0.40843,0.17758,0.39442,0.23069,0.39182,0.37593,0.32452,0.42241,0.28706,0.51466,0.26476,0.58409,0.26666,0.35178,0.32186,0.30821,0.3559,0.34788,0.401,0.32629,0.3757,0.41272,0.35505,0.475,0.3365,0.50699,0.37376,0.55151,0.30204,0.27457,0.16166,0.49784,0.16487,0.68313,0.15247],"triangles":[8,9,17,11,13,14,10,11,14,9,10,15,10,14,15,9,15,16,17,9,16,18,8,17,11,12,13,7,8,18,19,7,18,46,7,19,20,46,19,46,6,7,20,45,46,45,35,46,35,6,46,21,45,20,35,5,6,45,34,35,35,43,5,43,42,5,34,43,35,34,41,43,41,42,43,21,22,45,45,33,34,33,41,34,41,4,42,44,33,45,22,44,45,40,4,41,33,40,41,40,38,4,36,32,33,44,36,33,32,40,33,32,38,40,23,44,22,44,3,36,39,29,38,37,29,39,24,3,44,23,24,44,24,30,3,24,25,30,26,2,30,25,26,30,27,28,1,1,28,0,27,1,2,26,27,2,37,39,32,39,38,32,31,29,37],"weights":[2,8,0.95,2,0.05,2,8,0.95,2,0.05,2,8,0.95,2,0.05,2,8,0.9,2,0.1,3,9,0.4,24,0.5,2,0.1,2,9,0.9,2,0.1,2,8,0.9,2,0.1,2,8,0.9,2,0.1,2,8,0.95,2,0.05,2,8,0.95,2,0.05,2,8,0.95,2,0.05,2,8,0.95,2,0.05,2,8,0.95,2,0.05,2,8,0.95,2,0.05,2,8,0.95,2,0.05,2,8,0.95,2,0.05,2,8,0.95,2,0.05,2,8,0.95,2,0.05,2,8,0.95,2,0.05,2,8,0.9,2,0.1,2,8,0.9,2,0.1,2,8,0.9,2,0.1,2,8,0.9,2,0.1,2,8,0.9,2,0.1,2,8,0.9,2,0.1,2,8,0.95,2,0.05,2,8,0.95,2,0.05,2,8,0.95,2,0.05,2,8,0.95,2,0.05,2,24,0.9,2,0.1,2,8,0.9,2,0.1,2,24,0.9,2,0.1,2,8,0.9,2,0.1,2,8,0.9,2,0.1,2,8,0.9,2,0.1,2,8,0.9,2,0.1,2,8,0.9,2,0.1,3,24,0.69,9,0.21,2,0.1,3,24,0.69,9,0.21,2,0.1,2,24,0.9,2,0.1,3,9,0.41,24,0.49,2,0.1,3,9,0.68,24,0.22,2,0.1,3,9,0.68,24,0.22,2,0.1,2,9,0.9,2,0.1,2,8,0.9,2,0.1,2,8,0.9,2,0.1,2,8,0.9,2,0.1],"slotPose":[1,0,0,1,0,0],"bonePose":[8,-0.027017,-0.999635,0.999635,-0.027017,2.044838,-186.844747,9,-0.896655,0.442731,-0.442731,-0.896655,15.75,-331.35,24,-0.988089,0.153883,-0.153883,-0.988089,-20.3,-313.9,2,1,0,0,1,229.4,-326.8],"edges":[0,1,1,2,5,6,6,7,7,8,8,9,9,10,10,11,11,12,12,13,13,14,14,15,15,16,16,17,17,18,18,19,19,20,20,21,21,22,22,23,23,24,24,25,25,26,26,27,27,28,28,0,2,30,30,3,31,29,3,36,36,32,32,37,37,31,29,38,38,4,4,42,42,5],"userEdges":[]}]},{"name":"L_arm11","display":[{"type":"mesh","name":"L_arm1","width":91,"height":100,"vertices":[102.8,-124.58,112.33,-111.34,125.24,-101.23,138.63,-89.13,153.8,-83.35,169.26,-82.81,182.75,-89.41,192.26,-102.32,193.36,-117.33,188.59,-129.55,173.22,-142.97,147.94,-163.87,129.11,-178.43,118.98,-184.34,111.65,-184.45,110.37,-173.22,106.51,-159.49,104.52,-145.26,123.67,-181.39,114.99,-184.92],"uvs":[0,0.622,0.11648,0.746,0.26703,0.836,0.42473,0.9455,0.59615,0.9905,0.76593,0.983,0.90769,0.906,1,0.7695,0.99835,0.619,0.94505,0.50121,0.75439,0.38016,0.46371,0.183,0.24134,0.0619,0.12912,0.013,0.04231,0.018,0.03846,0.131,0.00879,0.271,0,0.4145,0.19741,0.03818,0.07839,0.01052],"triangles":[4,5,8,9,10,8,10,4,8,5,6,8,6,7,8,3,4,10,11,2,10,2,3,10,1,2,11,17,1,11,17,0,1,12,16,11,16,17,11,18,15,12,15,16,12,13,15,18,14,15,19,19,15,13],"weights":[2,6,0.95,1,0.05,2,6,0.95,1,0.05,2,12,0.71,6,0.29,1,12,1,1,12,1,1,12,1,1,12,1,1,12,1,1,12,1,1,12,1,1,12,1,1,12,1,3,6,0.73,12,0.22,1,0.05,2,6,0.95,1,0.05,2,6,0.95,1,0.05,2,6,0.95,1,0.05,2,6,0.95,1,0.05,2,6,0.95,1,0.05,3,6,0.81,12,0.14,1,0.05,2,6,0.95,1,0.05],"slotPose":[1,0,0,1,0,0],"bonePose":[5,0,-1,1,0,7.001316,-118.592257,6,0.947507,0.319736,-0.319736,0.947507,52.498331,-163.040251,12,0.856353,0.51639,-0.51639,0.856353,110.508027,-143.159842,1,1,0,0,1,229.403219,-252.782797],"edges":[0,1,1,2,2,3,3,4,4,5,5,6,6,7,7,8,8,9,10,11,11,12,14,15,15,16,16,17,17,0,12,18,18,13,13,19,19,14,9,10],"userEdges":[]}]},{"name":"brow_L","display":[{"type":"mesh","name":"brow_L","width":72,"height":22,"vertices":[-75.85,-301.03,-71.82,-303.89,-66.71,-304.23,-60.29,-304.66,-54.66,-305.04,-50.5,-305.31,-45.72,-305.63,-41.05,-305.95,-34.56,-306.07,-28.8,-305.47,-24.37,-303.27,-23.74,-299.4,-24.29,-294.99,-28.48,-291.78,-33.99,-291.41,-38.62,-291.1,-44.72,-290.7,-48.77,-290.43,-53.3,-290.12,-59.7,-289.8,-65.79,-289.29,-71.15,-289.44,-75.46,-291.85,-76.34,-296.22,-69.72,-297.52,-50.49,-297.72,-30.1,-298.79,-38.66,-298.45,-61.19,-297.61],"uvs":[0.01528,0.17273,0.09514,0,0.19236,0,0.31458,0,0.42153,0,0.50069,0,0.59167,0,0.68056,0,0.80347,0.02045,0.91181,0.08636,0.99306,0.25227,1,0.51364,0.98403,0.80455,0.90069,1,0.79583,1,0.70764,1,0.59167,1,0.51458,1,0.42847,1,0.30694,0.99318,0.19097,1,0.08958,0.96591,0.01111,0.78636,0,0.49091,0.1468,0.50147,0.51103,0.58633,0.89866,0.61915,0.73616,0.5986,0.30846,0.53889],"triangles":[26,12,11,10,26,11,9,26,10,26,13,12,8,27,26,26,14,13,8,26,9,27,14,26,7,27,8,27,15,14,7,6,27,6,25,27,16,15,27,25,16,27,25,17,16,5,25,6,4,28,25,4,25,5,25,18,17,28,18,25,28,19,18,3,28,4,24,20,28,2,24,28,28,20,19,2,28,3,1,24,2,24,21,20,22,21,24,23,22,24,1,0,24,0,23,24],"weights":[4,16,0.06,28,0.83,26,0.01,2,0.1,4,16,0.07,28,0.82,26,0.01,2,0.1,4,16,0.12,28,0.76,26,0.02,2,0.1,4,16,0.4,28,0.44,26,0.06,2,0.1,4,16,0.66,28,0.17,26,0.07,2,0.1,4,16,0.72,28,0.09,26,0.09,2,0.1,4,16,0.63,26,0.18,28,0.09,2,0.1,4,16,0.44,26,0.39,28,0.07,2,0.1,4,16,0.15,26,0.72,28,0.03,2,0.1,4,16,0.07,26,0.82,28,0.01,2,0.1,4,16,0.06,26,0.83,28,0.01,2,0.1,4,16,0.04,26,0.85,28,0.01,2,0.1,4,16,0.05,26,0.84,28,0.01,2,0.1,4,16,0.08,26,0.8,28,0.02,2,0.1,4,16,0.15,26,0.72,28,0.03,2,0.1,4,16,0.34,26,0.5,28,0.06,2,0.1,4,16,0.64,26,0.18,28,0.08,2,0.1,4,16,0.73,26,0.09,28,0.08,2,0.1,4,16,0.7,28,0.13,26,0.07,2,0.1,4,16,0.45,28,0.39,26,0.06,2,0.1,4,16,0.18,28,0.68,26,0.04,2,0.1,4,16,0.1,28,0.78,26,0.02,2,0.1,4,16,0.08,28,0.8,26,0.02,2,0.1,4,16,0.05,28,0.84,26,0.01,2,0.1,3,28,0.85,2,0.09,16,0.06,4,16,0.75,2,0.1,26,0.07,28,0.08,3,26,0.84,2,0.09,16,0.07,3,16,0.45,26,0.45,2,0.1,3,16,0.45,28,0.45,2,0.1],"slotPose":[1,0,0,1,0,0],"bonePose":[16,1,0,0,1,-50.5,-297.6,26,1,0,0,1,-30.2,-298.75,28,1,0,0,1,-69.65,-297.6,2,1,0,0,1,229.4,-326.8],"edges":[0,1,1,2,2,3,3,4,4,5,5,6,6,7,7,8,8,9,9,10,10,11,11,12,12,13,13,14,14,15,15,16,16,17,17,18,18,19,19,20,20,21,21,22,22,23,23,0],"userEdges":[]}]},{"name":"eye_L","display":[{"type":"mesh","name":"eye_L","width":60,"height":66,"vertices":[32.58,-266.21,33.53,-231.43,44.85,-221.13,72.64,-221.89,81.46,-234.57,80.52,-269.16,69.32,-274.62,43.61,-273.92],"uvs":[0,0.14015,0,0.79924,0.23,1,0.80917,1,1,0.76439,1,0.10909,0.77,0,0.23417,0],"triangles":[6,7,4,7,1,4,2,3,4,1,2,4,5,6,4,0,1,7],"weights":[2,8,0.9,2,0.1,2,8,0.9,2,0.1,2,8,0.9,2,0.1,2,8,0.9,2,0.1,2,8,0.9,2,0.1,2,8,0.9,2,0.1,2,8,0.9,2,0.1,2,8,0.9,2,0.1],"slotPose":[1,0,0,1,0,0],"bonePose":[8,-0.021303,-0.999773,0.999773,-0.021303,7.083795,-185.419168,2,1,0,0,1,229.4,-358.225076],"edges":[0,1,1,2,2,3,3,4,4,5,5,6,6,7,7,0],"userEdges":[]},{"type":"mesh","name":"L_eye_closed_1","width":53,"height":59,"path":"L_eye_closed","vertices":[41.28,-270.16,72.28,-270.35,82.98,-257.55,83.18,-224.95,71.43,-217.64,43.69,-217.48,35.79,-231.32,35.63,-259.15],"uvs":[0.12075,0,0.77547,0,1,0.24407,1,0.86271,0.75094,1,0.16509,1,0,0.73644,0,0.20847],"triangles":[6,4,2,1,7,2,7,6,2,2,4,3,6,5,4,0,7,1],"weights":[2,8,0.9,2,0.1,2,8,0.9,2,0.1,2,8,0.9,2,0.1,2,8,0.9,2,0.1,2,8,0.9,2,0.1,2,8,0.9,2,0.1,2,8,0.9,2,0.1,2,8,0.9,2,0.1],"slotPose":[1,0,0,1,0,0],"bonePose":[8,0,-1,1,0,7.083795,-185.419168,2,1,0,0,1,229.4,-326.8],"edges":[0,1,1,2,2,3,3,4,4,5,5,6,6,7,7,0],"userEdges":[]},{"type":"mesh","name":"angry_eye_L_angry_1","width":70,"height":78,"path":"angry_eye_L_angry","vertices":[34.88,-259.24,34.25,-230.58,49.5,-214.63,73.33,-218.82,87.21,-243.28,75.99,-271.68,44.83,-271.24],"uvs":[0.06929,0.25577,0.055,0.7141,0.325,0.97051,0.75,0.90577,1,0.51603,0.80286,0.0609,0.24786,0.06474],"triangles":[1,3,4,0,1,4,5,6,4,6,0,4,1,2,3],"weights":[2,8,0.9,2,0.1,2,8,0.9,2,0.1,2,8,0.9,2,0.1,2,8,0.9,2,0.1,2,8,0.9,2,0.1,2,8,0.9,2,0.1,2,8,0.9,2,0.1],"slotPose":[1,0,0,1,0,0],"bonePose":[8,0,-1,1,0,7.083795,-185.419168,2,1,0,0,1,229.4,-326.8],"edges":[0,1,1,2,2,3,3,4,4,5,5,6,6,0],"userEdges":[]},{"type":"mesh","name":"L_eye_bored","width":68,"height":70,"vertices":[33.54,-259.41,33.54,-235.53,46.23,-216.78,72.43,-216.78,87.47,-237.6,87.47,-259.13,67,-272.3,45.98,-272.3],"uvs":[0,0.23214,0,0.66214,0.23529,1,0.72132,1,1,0.625,1,0.23714,0.62059,0,0.23088,0],"triangles":[1,3,4,6,1,4,5,6,4,7,0,6,0,1,6,1,2,3],"weights":[2,8,0.9,2,0.1,2,8,0.9,2,0.1,2,8,0.9,2,0.1,2,8,0.9,2,0.1,2,8,0.9,2,0.1,2,8,0.9,2,0.1,2,8,0.9,2,0.1,2,8,0.9,2,0.1],"slotPose":[1,0,0,1,0,0],"bonePose":[8,0.009559,-0.999954,0.999954,0.009559,7.083795,-185.419168,2,1,0,0,1,229.4,-326.8],"edges":[0,1,1,2,2,3,3,4,4,5,5,6,6,7,7,0],"userEdges":[]},{"type":"mesh","name":"L_eye_sad","width":70,"height":72,"vertices":[46.63,-216.54,73.2,-218.2,84,-236.15,84.39,-254.66,70.91,-270.39,48.8,-271.27,33.54,-249.71,36.74,-228.99],"uvs":[0.28214,1,0.76214,0.97083,0.95714,0.65556,0.96429,0.33056,0.72071,0.05417,0.32143,0.03889,0.04571,0.41736,0.10357,0.78125],"triangles":[5,6,4,6,7,2,6,2,3,4,6,3,7,1,2,7,0,1],"weights":[2,8,0.9,2,0.1,2,8,0.9,2,0.1,2,8,0.9,2,0.1,2,8,0.9,2,0.1,2,8,0.9,2,0.1,2,8,0.9,2,0.1,2,8,0.9,2,0.1,2,8,0.9,2,0.1],"slotPose":[1,0,0,1,0,0],"bonePose":[8,0.009559,-0.999954,0.999954,0.009559,7.083795,-185.419168,2,1,0,0,1,229.4,-326.8],"edges":[0,1,1,2,2,3,3,4,4,5,5,6,6,7,7,0],"userEdges":[]}]},{"name":"R_forearm","display":[{"type":"mesh","name":"R_forearm","width":91,"height":82,"vertices":[-10.48,27.09,-24.62,16.44,-29.69,2.73,-27.35,-15.42,-14.8,-27.25,-0.32,-35.93,24.19,-34.81,47.09,-32.21,54.51,-26.62,62.02,-14.89,61.2,5.15,56.83,23.08,46.62,34.8,27.49,32.78,4.59,30.43],"uvs":[0.57143,0,0.76593,0,0.9011,0.09634,1.00055,0.29024,0.96868,0.49756,0.8989,0.68841,0.67637,0.85732,0.45824,1,0.35604,1,0.21264,0.94085,0.08736,0.73963,0.00714,0.53293,0.01923,0.3439,0.20055,0.22317,0.41703,0.07805],"triangles":[2,4,3,1,0,2,14,5,4,0,14,4,2,0,4,14,6,5,13,10,6,14,13,6,10,9,8,10,8,7,10,7,6,11,10,13,12,11,13],"edges":[0,1,1,2,2,3,3,4,4,5,5,6,6,7,7,8,8,9,9,10,10,11,11,12,12,13,13,14,14,0],"userEdges":[]}]},{"name":"R_arm1","display":[{"type":"mesh","name":"R_arm1","width":90,"height":99,"vertices":[-153.07,-174.03,-181.57,-149.93,-181.57,-127.78,-175.22,-109.93,-162.27,-103.28,-147.62,-100.83,-136.62,-103.08,-127.87,-108.78,-123.57,-111.43,-120.73,-113.98,-117.66,-110.98,-114.01,-110.98,-107.91,-111.43,-96.23,-113.03,-91.56,-129.68,-91.56,-152.73,-91.56,-173.13,-96.26,-190.18,-100.78,-199.68,-140.94,-183.29],"uvs":[0.31667,0.2596,0,0.50303,0,0.72677,0.07056,0.90707,0.21444,0.97424,0.37722,0.99899,0.49944,0.97626,0.59667,0.91869,0.64444,0.89192,0.67611,0.86616,0.71,0.89646,0.75056,0.89646,0.81833,0.89192,0.94778,0.87576,1,0.70758,1,0.47475,1,0.26869,0.94778,0.09646,0.89778,0.00051,0.45148,0.16611],"triangles":[12,13,14,9,12,14,17,19,16,0,9,15,19,0,15,9,14,15,16,19,15,18,19,17,9,11,12,1,2,0,0,2,7,7,8,9,0,7,9,9,10,11,2,4,5,2,5,7,5,6,7,2,3,4],"weights":[1,13,1,1,13,1,1,13,1,1,13,1,1,13,1,1,13,1,1,13,1,1,13,1,1,13,1,2,13,0.92,7,0.08,3,5,0.23,7,0.72,1,0.05,3,5,0.23,7,0.72,1,0.05,3,5,0.23,7,0.72,1,0.05,3,5,0.7,7,0.25,1,0.05,3,7,0.69,5,0.26,1,0.05,3,7,0.69,5,0.26,1,0.05,3,7,0.69,5,0.26,1,0.05,3,7,0.69,5,0.26,1,0.05,2,7,0.95,1,0.05,1,13,1],"slotPose":[1,0,0,1,0,0],"bonePose":[13,-0.833662,0.552275,-0.552275,-0.833662,-98.284077,-166.108045,7,-0.99981,-0.019503,0.019503,-0.99981,-42.280173,-165.119962,4,0,-1,1,0,7.001316,-53.476111,5,0,-1,1,0,7.001316,-118.592257,1,1,0,0,1,229.403219,-252.782797],"edges":[0,1,1,2,2,3,3,4,4,5,5,6,6,7,7,8,8,9,9,10,10,11,11,12,12,13,13,14,14,15,15,16,16,17,17,18,19,0,18,19],"userEdges":[]}]},{"name":"head","display":[{"type":"mesh","name":"head","width":281,"height":189,"vertices":[-95.18,-208,-54.57,-188.94,1.73,-178.57,54.27,-183.69,107.62,-203.19,138.31,-216.46,141.61,-252.22,115.2,-271.03,114.8,-315.97,85.28,-348.73,39.84,-360.55,3.76,-361.7,-36.67,-363,-73.36,-351.42,-99.14,-329.24,-102.53,-278.12,-128.84,-265.86,-123.9,-224.88,4.6,-319.55,3.59,-266.31,2.13,-220.68,-62.51,-225.26,-97.49,-232.59,67.27,-219.44,108.03,-234.69,-60.18,-277.36,66.81,-271.88,54.22,-319.41,-51.46,-319.9],"uvs":[0.14698,0.82963,0.29359,0.92354,0.49502,0.96799,0.68132,0.9328,0.86886,0.82063,0.97651,0.74524,0.98416,0.55556,0.88808,0.46058,0.88149,0.22302,0.77278,0.05794,0.60979,0,0.48132,0,0.33737,0,0.20819,0.06746,0.12135,0.18942,0.11281,0.46005,0.02064,0.52937,0.04288,0.74524,0.48915,0.22275,0.49164,0.50449,0.49164,0.74603,0.25963,0.74206,0.13594,0.7,0.72189,0.73783,0.86673,0.65397,0.2635,0.45269,0.71584,0.46274,0.66566,0.21673,0.28967,0.23048],"triangles":[24,5,6,7,24,6,24,4,5,23,4,24,27,26,8,8,26,7,26,24,7,9,27,8,23,3,4,26,23,24,10,27,9,27,19,26,20,3,23,26,19,23,19,20,23,18,19,27,20,2,3,10,18,27,11,18,10,11,12,18,12,28,18,1,2,20,21,1,20,18,28,19,28,25,19,21,20,19,25,21,19,13,28,12,14,15,25,22,21,25,15,22,25,14,25,28,21,0,1,13,14,28,22,0,21,15,16,22,16,17,22,22,17,0],"weights":[2,8,0.95,2,0.05,2,8,0.9,2,0.1,2,8,0.9,2,0.1,2,8,0.9,2,0.1,2,8,0.95,2,0.05,2,8,0.95,2,0.05,2,8,0.95,2,0.05,2,8,0.95,2,0.05,2,8,0.95,2,0.05,2,8,0.95,2,0.05,2,8,0.9,2,0.1,2,8,0.85,2,0.15,2,8,0.9,2,0.1,2,8,0.9,2,0.1,2,8,0.95,2,0.05,2,8,0.95,2,0.05,2,8,0.95,2,0.05,2,8,0.95,2,0.05,2,8,0.85,2,0.15,2,8,0.85,2,0.15,2,8,0.85,2,0.15,2,8,0.9,2,0.1,2,8,0.95,2,0.05,2,8,0.9,2,0.1,2,8,0.95,2,0.05,2,8,0.9,2,0.1,2,8,0.9,2,0.1,2,8,0.9,2,0.1,2,8,0.9,2,0.1],"slotPose":[1,0,0,1,0,0],"bonePose":[8,0.005908,-0.999983,0.999983,0.005908,7.083795,-185.419168,2,1,0,0,1,229.4,-326.8],"edges":[0,1,1,2,2,3,3,4,5,6,6,7,7,8,8,9,9,10,10,11,11,12,12,13,13,14,14,15,15,16,16,17,17,0,4,5],"userEdges":[]}]},{"name":"1pupil","display":[{"name":"1pupil","transform":{"x":150.39,"y":-3.59,"skX":-1.89,"skY":-1.89,"scX":0.8,"scY":0.8}}]},{"name":"L_forearm","display":[{"type":"mesh","name":"L_forearm","width":88,"height":87,"vertices":[-7.84,28.07,3.09,31.36,19.19,30.09,33.56,29.82,47.65,31.19,54.95,31.58,60.29,26.1,64.67,10.13,65.1,-7.2,60.86,-22.67,55.2,-31.46,48.3,-32.06,31.98,-29.78,14.49,-29.74,1.27,-29.04,-11.62,-22.99,-21.66,-12.17,-24.09,0.29,-22.62,6.5,-14.71,18.05],"uvs":[0,0.55862,0.08125,0.66092,0.24034,0.75345,0.3767,0.84425,0.5,0.94885,0.56591,1,0.65114,0.98276,0.79489,0.85977,0.91023,0.69828,0.96989,0.52414,0.9733,0.40402,0.9125,0.35345,0.74489,0.26897,0.58068,0.15575,0.45227,0.07644,0.29261,0.05,0.12898,0.08736,0.02614,0.18966,0,0.25805,0,0.41897],"triangles":[11,9,10,12,8,9,11,12,9,3,7,8,12,3,8,13,2,12,2,3,12,4,6,7,3,4,7,14,19,13,19,2,13,4,5,6,19,1,2,15,19,14,17,18,16,16,18,15,18,19,15,19,0,1],"edges":[0,1,1,2,2,3,3,4,4,5,5,6,6,7,7,8,8,9,9,10,10,11,11,12,12,13,13,14,14,15,15,16,16,17,17,18,18,19,19,0],"userEdges":[]}]},{"name":"brow_R","display":[{"type":"mesh","name":"brow_R","width":75,"height":26,"vertices":[22.47,-297.13,24.63,-303.02,31.03,-305.46,36.98,-306.04,42.54,-306.32,47.22,-306.4,52.49,-306.5,57.5,-306.59,62.56,-306.55,68.2,-306.28,72.48,-304.22,75.17,-299.61,74.01,-294.65,70.52,-291.39,65.57,-289.97,60.52,-289.87,54.05,-289.75,47.83,-289.81,42.41,-289.88,36.12,-289.76,29.78,-289.98,24.68,-292.81,29.11,-298.54,36.83,-299.38,46.85,-298.84,57.16,-298.97,66.82,-298.92],"uvs":[0.01867,0.53077,0.06,0.2,0.17733,0.06923,0.286,0.04231,0.38733,0.03269,0.47267,0.03269,0.56867,0.03269,0.66,0.03269,0.752,0.04038,0.85467,0.06154,0.932,0.18269,0.97933,0.44615,0.95667,0.725,0.892,0.90577,0.80133,0.98077,0.70933,0.98077,0.59133,0.98077,0.478,0.97115,0.37933,0.96154,0.26467,0.96154,0.14933,0.94231,0.05733,0.77692,0.15801,0.51785,0.29829,0.51162,0.4786,0.49231,0.67085,0.53493,0.84764,0.54347],"triangles":[26,12,11,10,26,11,26,13,12,9,26,10,8,26,9,26,14,13,25,15,14,25,14,26,8,25,26,7,25,8,6,25,7,25,16,15,24,16,25,6,24,25,5,24,6,24,17,16,4,23,24,18,17,24,23,18,24,4,24,5,23,19,18,3,23,4,22,20,19,22,19,23,3,2,23,2,22,23,22,21,20,1,22,2,1,0,22,0,21,22],"weights":[4,15,0.06,25,0.82,29,0.02,2,0.1,4,15,0.06,25,0.82,29,0.02,2,0.1,4,15,0.09,25,0.79,29,0.02,2,0.1,4,15,0.26,25,0.58,29,0.06,2,0.1,4,15,0.53,25,0.28,29,0.09,2,0.1,4,15,0.68,25,0.13,29,0.09,2,0.1,4,15,0.68,29,0.14,25,0.08,2,0.1,4,15,0.51,29,0.32,25,0.07,2,0.1,4,15,0.25,29,0.61,25,0.04,2,0.1,4,15,0.09,29,0.79,25,0.02,2,0.1,4,15,0.06,29,0.83,25,0.01,2,0.1,4,15,0.06,29,0.83,25,0.01,2,0.1,4,15,0.07,29,0.82,25,0.01,2,0.1,4,15,0.1,29,0.78,25,0.02,2,0.1,4,15,0.2,29,0.66,25,0.04,2,0.1,4,15,0.38,29,0.45,25,0.07,2,0.1,4,15,0.63,29,0.18,25,0.09,2,0.1,4,15,0.66,25,0.14,29,0.1,2,0.1,4,15,0.49,25,0.32,29,0.09,2,0.1,4,15,0.22,25,0.63,29,0.05,2,0.1,4,15,0.09,25,0.78,29,0.03,2,0.1,4,15,0.07,25,0.81,29,0.02,2,0.1,2,25,0.9,2,0.1,3,15,0.47,25,0.43,2,0.1,4,15,0.59,29,0.16,25,0.15,2,0.1,3,15,0.47,29,0.42,2,0.11,2,29,0.9,2,0.1],"slotPose":[1,0,0,1,0,0],"bonePose":[15,1,0,0,1,45.6,-298.65,29,1,0,0,1,63.579731,-299.218341,25,1,0,0,1,25.25,-298.1,2,1,0,0,1,229.4,-326.8],"edges":[0,1,1,2,2,3,3,4,4,5,5,6,6,7,7,8,8,9,9,10,10,11,11,12,12,13,13,14,14,15,15,16,16,17,17,18,18,19,19,20,20,21,21,0],"userEdges":[]}]},{"name":"R_hand","display":[{"type":"mesh","name":"R_hand_like","width":69,"height":127,"path":"hand_R","vertices":[-173.73,-116.09,-166.1,-122.56,-157.25,-129.87,-149.18,-134.65,-141.06,-131.83,-133.01,-123.18,-134.05,-115.98,-138.96,-108.14,-147.33,-99.82,-157.13,-90.73,-161.44,-86.22,-165.71,-78.18,-172.08,-67.03,-184.68,-56.33,-197.02,-44.75,-208.57,-41.85,-222.96,-45.79,-241.02,-62.28,-241.2,-72.11,-234.63,-87.72,-228.42,-99.93,-220.69,-108.31,-210.58,-117.87,-198.38,-119.59,-189.13,-118.87,-180.83,-117.19],"uvs":[0.44565,0.3,0.46087,0.2185,0.47971,0.12874,0.51594,0.05748,0.62899,0.02913,0.8,0.03425,0.86159,0.08071,0.88913,0.15197,0.88551,0.24488,0.87391,0.35315,0.87391,0.40433,0.91014,0.47402,0.9558,0.57205,0.93188,0.70157,0.91957,0.83465,0.82826,0.91417,0.63841,0.97047,0.28406,0.97559,0.18333,0.92087,0.09493,0.79646,0.03696,0.69331,0.03333,0.60354,0.04275,0.49409,0.1529,0.41772,0.25652,0.37126,0.36014,0.33465],"triangles":[11,24,12,24,23,12,23,21,12,21,13,12,16,15,14,21,20,13,16,14,13,19,16,13,20,19,13,25,24,11,10,25,11,6,2,7,2,1,7,0,9,8,1,0,8,7,1,8,0,25,10,0,10,9,5,4,6,4,2,6,19,18,16,22,21,23,18,17,16,3,2,4],"weights":[2,30,0.49,31,0.51,1,31,1,1,31,1,1,31,1,1,31,1,1,31,1,1,31,1,1,31,1,1,31,1,1,31,1,2,30,0.49,31,0.51,1,30,1,1,30,1,1,30,1,1,30,1,1,30,1,1,30,1,1,30,1,1,30,1,1,30,1,1,30,1,1,30,1,1,30,1,1,30,1,1,30,1,1,30,1],"slotPose":[1,0,0,1,0,0],"bonePose":[30,-0.811076,0.584941,-0.584941,-0.811076,-193.947318,-83.001569,31,0.762712,-0.646738,0.646738,0.762712,-175.091832,-96.333064],"edges":[0,1,1,2,2,3,3,4,4,5,5,6,6,7,7,8,8,9,9,10,10,11,11,12,12,13,13,14,14,15,15,16,16,17,17,18,18,19,19,20,20,21,21,22,22,23,23,24,24,25,25,0],"userEdges":[]},{"type":"mesh","name":"R_hand_normal","width":117,"height":103,"path":"hand_L_relaxed","vertices":[-197.77,-110.7,-185.12,-99.44,-174.41,-87.98,-169.69,-75.39,-181.8,-57.72,-202.63,-46.33,-217.74,-34.16,-231.1,-17.95,-245.47,-6.63,-258.2,-8.02,-269.8,-26.22,-264.64,-44.95,-248.89,-65.59,-224.09,-91.51,-206.06,-106.61,-189.1,-89.62,-215.66,-68.23,-233.24,-47.89,-250.52,-28.35,-174.91,-67.76,-198.12,-99.91,-179.25,-79.43],"uvs":[0.72094,0.01214,0.82179,0.1301,0.90598,0.24854,0.93846,0.37379,0.82436,0.53641,0.63974,0.63204,0.50342,0.73932,0.37949,0.88689,0.25,0.98641,0.14231,0.96408,0.0547,0.77961,0.11029,0.60194,0.25725,0.41308,0.48472,0.1795,0.64769,0.04591,0.78178,0.22234,0.54215,0.41092,0.37976,0.59539,0.22035,0.77257,0.88919,0.44402,0.70534,0.10908,0.85944,0.3282],"triangles":[2,21,3,21,19,3,15,21,2,1,15,2,21,4,19,16,4,21,15,16,21,20,15,1,0,20,1,16,5,4,20,16,15,13,16,20,14,20,0,14,13,20,16,17,5,17,6,5,13,12,16,12,17,16,17,7,6,12,11,17,11,18,17,17,18,7,18,8,7,18,9,8,10,9,18,11,10,18],"weights":[1,20,1,1,20,1,1,20,1,1,20,1,2,30,0.5,20,0.5,1,30,1,1,30,1,1,30,1,1,30,1,1,30,1,1,30,1,1,30,1,1,30,1,1,30,1,1,20,1,1,20,1,1,30,1,1,30,1,1,30,1,2,20,0.89,30,0.11,1,20,1,1,20,1],"slotPose":[1,0,0,1,0,0],"bonePose":[20,-0.765708,0.643188,-0.643188,-0.765708,-152.007074,-118.384515,30,-0.762712,0.646738,-0.646738,-0.762712,-193.947318,-83.001569],"edges":[0,1,1,2,2,3,4,5,5,6,6,7,7,8,8,9,9,10,10,11,11,12,12,13,13,14,14,0,3,19,19,4],"userEdges":[]},{"type":"mesh","name":"hand_R_fist","width":78,"height":92,"vertices":[-204.34,-107.14,-202.38,-109.47,-192.66,-101.85,-183.34,-93.57,-174.4,-81.14,-171.32,-70.6,-174.13,-69,-183.25,-62.29,-183.68,-52.3,-189.54,-37.59,-196.19,-28.53,-208.71,-30.95,-223.35,-28.38,-235.8,-39.47,-247.54,-53.78,-247.38,-61.92,-239.38,-73.85,-227.06,-84.6,-215.11,-96.26,-207.75,-103.9],"uvs":[0.17436,0.05707,0.17564,0.02011,0.35256,0.01957,0.53077,0.02826,0.74167,0.07935,0.86987,0.15652,0.85256,0.19293,0.80962,0.32554,0.89359,0.42391,0.95833,0.60815,0.9641,0.74457,0.80192,0.81576,0.66026,0.95054,0.42179,0.93859,0.16282,0.89076,0.09231,0.81196,0.07628,0.63804,0.11923,0.44293,0.15,0.24185,0.16474,0.11359],"triangles":[9,11,10,8,11,9,17,13,11,17,11,7,7,11,8,17,16,13,4,6,5,4,7,6,13,12,11,4,3,7,3,18,7,18,17,7,2,18,3,19,18,2,15,14,13,16,15,13,0,19,2,1,0,2],"weights":[1,20,1,1,20,1,1,20,1,1,20,1,1,20,1,1,20,1,2,20,0.49,30,0.51,1,30,1,1,30,1,1,30,1,1,30,1,1,30,1,1,30,1,1,30,1,1,30,1,1,30,1,1,30,1,1,30,1,1,30,1,2,30,0.51,20,0.49],"slotPose":[1,0,0,1,0,0],"bonePose":[30,-0.811076,0.584941,-0.584941,-0.811076,-193.947318,-83.001569,20,-0.765708,0.643188,-0.643188,-0.765708,-152.007074,-118.384515],"edges":[0,1,1,2,2,3,3,4,4,5,5,6,6,7,7,8,8,9,9,10,10,11,11,12,12,13,13,14,14,15,15,16,16,17,17,18,18,19,19,0],"userEdges":[]}]},{"name":"mouth","display":[{"type":"mesh","name":"mouth","width":41,"height":6,"vertices":[-19.37,-224.72,-19.46,-221.52,-19.53,-218.73,-16.13,-218.63,-11.73,-218.52,-7.64,-218.41,-3.44,-218.29,0.16,-218.2,3.46,-218.11,6.66,-218.02,10.46,-217.92,14.66,-217.81,18.66,-217.7,21.45,-217.63,21.54,-220.82,21.62,-223.62,18.72,-223.7,14.52,-223.81,10.62,-223.92,6.52,-224.03,3.12,-224.12,0.32,-224.19,-3.18,-224.29,-7.67,-224.41,-11.57,-224.51,-16.07,-224.63,-16.2,-221.65,-11.55,-221.45,-7.6,-221.45,-3.4,-221.35,0.15,-221.35,3.3,-221.3,6.5,-221.15,10.5,-221.2,14.6,-220.95,18.6,-220.85],"uvs":[0,0,0,0.53333,0,1,0.08293,1,0.19024,1,0.29024,1,0.39268,1,0.48049,1,0.56098,1,0.63902,1,0.73171,1,0.83415,1,0.93171,1,1,1,1,0.46667,1,0,0.92927,0,0.82683,0,0.73171,0,0.63171,0,0.54878,0,0.48049,0,0.39512,0,0.28537,0,0.19024,0,0.08049,0,0.0793,0.49788,0.1928,0.51041,0.28911,0.49274,0.39158,0.49062,0.47813,0.47474,0.55497,0.46899,0.63309,0.47967,0.73058,0.45345,0.83071,0.47676,0.9283,0.47553],"triangles":[35,12,14,16,35,14,16,14,15,14,12,13,17,34,16,11,12,35,34,11,35,16,34,35,33,10,34,34,10,11,33,34,17,18,33,17,32,9,33,19,32,33,33,9,10,19,33,18,31,8,32,31,32,19,20,31,19,32,8,9,21,30,20,20,30,31,30,7,31,31,7,8,6,7,30,29,6,30,22,29,30,22,30,21,22,23,29,23,28,29,5,6,29,28,5,29,27,28,23,24,27,23,28,27,5,27,4,5,25,26,24,3,4,27,26,3,27,24,26,27,1,2,3,1,3,26,0,1,26,0,26,25],"weights":[1,19,1,1,19,1,1,19,1,2,19,0.53,22,0.47,2,22,0.79,19,0.21,1,22,1,2,23,0.5,22,0.5,2,23,0.75,22,0.25,2,23,0.71,18,0.29,2,23,0.5,18,0.5,1,18,1,2,18,0.75,17,0.25,2,17,0.5,18,0.5,1,17,1,1,17,1,1,17,1,2,17,0.5,18,0.5,2,18,0.75,17,0.25,1,18,1,2,23,0.5,18,0.5,2,23,0.71,18,0.29,2,23,0.75,22,0.25,2,23,0.5,22,0.5,1,22,1,2,22,0.79,19,0.21,2,19,0.53,22,0.47,2,19,0.53,22,0.47,2,22,0.79,19,0.21,1,22,1,2,23,0.5,22,0.5,2,23,0.75,22,0.25,2,23,0.71,18,0.29,2,23,0.5,18,0.5,1,18,1,2,18,0.75,17,0.25,2,17,0.5,18,0.5],"slotPose":[1,0,0,1,0,0],"bonePose":[23,0.99964,0.026834,-0.026834,0.99964,-273.887348,-228.080657,22,0.99964,0.026834,-0.026834,0.99964,-287.735067,-228.071569,19,0.999847,-0.017512,0.017512,0.999847,-300.585067,-228.371569,18,0.99964,0.026834,-0.026834,0.99964,-259.696542,-227.719438,17,0.99993,-0.011803,0.011803,0.99993,-245.894611,-227.713393],"edges":[0,1,1,2,2,3,3,4,4,5,5,6,6,7,7,8,8,9,9,10,10,11,11,12,12,13,13,14,14,15,15,16,16,17,17,18,18,19,19,20,20,21,21,22,22,23,23,24,24,25,25,0],"userEdges":[]},{"type":"mesh","name":"mouth_smile","width":57,"height":33,"vertices":[171.61,-10.52,223.16,-15.33,182.85,12.28,223.73,2.07,187.42,-14.43,208.53,-13.4,174.94,2.95,196.99,14.56,212.89,10.63,226.68,-6.96],"uvs":[0,0,0.97501,0.22584,0.10356,0.81581,0.90499,0.81251,0.30979,0,0.71265,0.20149,0,0.45564,0.35427,1,0.66587,1,1,0.52524],"triangles":[1,5,9,5,3,9,5,8,3,7,8,5,4,7,5,6,2,4,0,6,4,4,2,7],"edges":[0,4,4,5,5,1,2,6,6,0,7,2,3,8,8,7,1,9,9,3],"userEdges":[]}]},{"name":"body","display":[{"type":"mesh","name":"body","width":264,"height":199,"vertices":[-118.13,-113.62,-125.29,-190.63,-104.53,-205.98,-64.68,-211.88,4.04,-211.38,76.74,-210.8,117.23,-203.13,135.14,-189.9,130.49,-111.2,131.78,-76.02,132.7,-53.71,133.39,-32.75,133.93,-13.16,72.88,-13.73,2.39,-14.28,-64.21,-14.81,-119.01,-15.24,-119.68,-37.55,-120.3,-60.95,-120.11,-83.27,5.79,-166.86,4.55,-95.13,-62.41,-104.74,65.72,-103.35,53.41,-163.19,-42.42,-164.69,-64.37,-48.47,7.99,-43.05,71.66,-45.95,-95.69,-164.27,-129.14,-145.54,116.29,-156.03,138.68,-142.86],"uvs":[0.0342,0.5059,0.00474,0.11935,0.0829,0.04132,0.23372,0.01005,0.49413,0.00955,0.76951,0.00955,0.92311,0.04648,0.99133,0.11225,0.97611,0.50795,0.98201,0.68467,0.98616,0.79673,0.98939,0.90201,0.99035,1,0.76079,1,0.49375,1,0.24148,1,0.03389,1,0.03069,0.88794,0.02764,0.77035,0.02764,0.65829,0.50207,0.2332,0.49953,0.59366,0.24557,0.54819,0.73098,0.54994,0.68257,0.24974,0.31941,0.24643,0.23987,0.83085,0.51412,0.85522,0.75521,0.83813,0.11761,0.25065,-0.00849,0.34603,0.92095,0.28321,1.00618,0.34849],"triangles":[7,31,32,31,8,32,8,23,9,9,28,10,10,28,11,6,31,7,11,13,12,28,13,11,31,23,8,23,28,9,6,5,31,5,24,31,24,23,31,23,21,28,21,27,28,28,27,13,4,24,5,27,14,13,24,21,23,20,21,24,4,20,24,4,25,20,22,26,21,20,25,21,25,22,21,21,26,27,26,14,27,26,15,14,3,25,4,29,22,25,3,29,25,2,29,3,19,18,26,26,17,15,17,16,15,29,0,22,19,26,22,0,19,22,18,17,26,30,0,29,2,1,29,1,30,29],"weights":[5,3,0.09,7,0.64,4,0.11,5,0.11,1,0.05,4,7,0.85,5,0.06,4,0.04,1,0.05,4,7,0.79,5,0.1,4,0.06,1,0.05,4,7,0.59,5,0.23,4,0.08,1,0.1,5,5,0.79,7,0.03,6,0.02,4,0.01,1,0.15,4,6,0.54,5,0.27,4,0.09,1,0.1,4,6,0.76,5,0.12,4,0.07,1,0.05,4,6,0.83,5,0.07,4,0.05,1,0.05,5,3,0.09,6,0.66,4,0.1,5,0.1,1,0.05,4,4,0.37,3,0.33,6,0.25,1,0.05,4,4,0.44,3,0.39,6,0.12,1,0.05,4,3,0.69,4,0.21,6,0.05,1,0.05,2,3,0.95,1,0.05,2,3,0.9,1,0.1,2,3,0.85,1,0.15,2,3,0.9,1,0.1,2,3,0.95,1,0.05,3,3,0.72,4,0.23,1,0.05,3,4,0.49,3,0.46,1,0.05,4,4,0.37,3,0.34,7,0.24,1,0.05,2,5,0.85,1,0.15,3,4,0.83,5,0.02,1,0.15,5,3,0.14,7,0.33,4,0.22,5,0.21,1,0.1,5,3,0.14,4,0.27,6,0.25,5,0.24,1,0.1,2,6,0.9,1,0.1,2,7,0.9,1,0.1,3,3,0.7,4,0.2,1,0.1,2,3,0.85,1,0.15,3,3,0.7,4,0.2,1,0.1,2,7,0.95,1,0.05,5,3,0.03,7,0.82,5,0.05,4,0.05,1,0.05,2,6,0.95,1,0.05,5,3,0.02,6,0.87,5,0.03,4,0.03,1,0.05],"slotPose":[1,0,0,1,0,0],"bonePose":[3,0,-1,1,0,6.8,-16.05,4,0,-1,1,0,7.001316,-53.476111,5,0,-1,1,0,7.001316,-118.592257,7,-0.999991,0.004139,-0.004139,-0.999991,-42.280173,-165.119962,6,0.997229,0.074387,-0.074387,0.997229,52.498331,-163.040251,1,1,0,0,1,229.403219,-252.782797],"edges":[1,2,2,3,3,4,4,5,5,6,6,7,9,10,10,11,11,12,12,13,13,14,14,15,15,16,16,17,17,18,18,19,19,0,8,9,30,1,0,30,7,32,32,8],"userEdges":[]}]},{"name":"eye_R","display":[{"type":"mesh","name":"eye_R","width":57,"height":66,"vertices":[-70.71,-260.67,-70.89,-229.71,-61.45,-218.74,-34.02,-218.58,-25.17,-229.85,-25,-260.07,-34.91,-271.57,-62.79,-271.73],"uvs":[0,0.20985,0,0.7947,0.20789,1.00076,0.80789,1.00076,1,0.7947,1,0.20985,0.78158,0,0.17193,0],"triangles":[6,0,5,2,3,4,1,2,4,5,0,4,0,1,4,7,0,6],"weights":[2,8,0.9,2,0.1,2,8,0.9,2,0.1,2,8,0.9,2,0.1,2,8,0.9,2,0.1,2,8,0.9,2,0.1,2,8,0.9,2,0.1,2,8,0.9,2,0.1,2,8,0.9,2,0.1],"slotPose":[1,0,0,1,0,0],"bonePose":[8,-0.021303,-0.999773,0.999773,-0.021303,7.083795,-185.419168,2,1,0,0,1,229.4,-358.225076],"edges":[0,1,1,2,2,3,3,4,4,5,5,6,6,7,7,0],"userEdges":[]},{"type":"mesh","name":"R_eye_closed_1","width":53,"height":61,"path":"R_eye_closed","vertices":[-60.65,-217.33,-36.11,-214.95,-22.39,-230.28,-22.56,-258.88,-34.29,-270.99,-60.05,-270.83,-71.2,-253.27,-71.04,-226.91],"uvs":[0.21226,0.95492,0.71604,1,1,0.72787,1,0.21721,0.76038,0,0.23113,0,0,0.3123,0,0.78279],"triangles":[4,6,3,0,1,2,6,0,2,3,6,2,6,7,0,5,6,4],"weights":[2,8,0.9,2,0.1,2,8,0.9,2,0.1,2,8,0.9,2,0.1,2,8,0.9,2,0.1,2,8,0.9,2,0.1,2,8,0.9,2,0.1,2,8,0.9,2,0.1,2,8,0.9,2,0.1],"slotPose":[1,0,0,1,0,0],"bonePose":[8,0,-1,1,0,7.083795,-185.419168,2,1,0,0,1,229.4,-326.8],"edges":[0,1,1,2,2,3,3,4,4,5,5,6,6,7,7,0],"userEdges":[]},{"type":"mesh","name":"angry_eye_R_angry_1","width":69,"height":77,"path":"angry_eye_R_angry","vertices":[-62.58,-271.53,-30.54,-270.64,-17.12,-249.1,-17.22,-228.81,-31.42,-214.59,-54.01,-212.97,-72.64,-228.65,-74.02,-255.95],"uvs":[0.20072,0.05649,0.76377,0.07013,1,0.40909,0.99855,0.72857,0.74928,0.9526,0.35217,0.97857,0.02464,0.73182,0,0.30195],"triangles":[5,4,2,6,5,2,1,7,2,7,6,2,2,4,3,0,7,1],"weights":[2,8,0.9,2,0.1,2,8,0.9,2,0.1,2,8,0.9,2,0.1,2,8,0.9,2,0.1,2,8,0.9,2,0.1,2,8,0.9,2,0.1,2,8,0.9,2,0.1,2,8,0.9,2,0.1],"slotPose":[1,0,0,1,0,0],"bonePose":[8,0,-1,1,0,7.083795,-185.419168,2,1,0,0,1,229.4,-326.8],"edges":[0,1,1,2,2,3,3,4,4,5,5,6,6,7,7,0],"userEdges":[]},{"type":"mesh","name":"R_eye_bored","width":70,"height":72,"vertices":[-70.81,-260.95,-69.25,-226.98,-55.15,-217.32,-33.97,-217.07,-19.58,-235.33,-21.69,-258.88,-40.51,-272.7,-59.07,-270.39],"uvs":[0.04214,0.22222,0.07,0.8125,0.32214,0.98056,0.70071,0.98472,0.95786,0.66736,0.92,0.25833,0.58357,0.01806,0.25214,0.05833],"triangles":[7,1,2,6,7,5,5,7,4,7,2,4,2,3,4,0,1,7],"weights":[2,8,0.9,2,0.1,2,8,0.9,2,0.1,2,8,0.9,2,0.1,2,8,0.9,2,0.1,2,8,0.9,2,0.1,2,8,0.9,2,0.1,2,8,0.9,2,0.1,2,8,0.9,2,0.1],"slotPose":[1,0,0,1,0,0],"bonePose":[8,0.009559,-0.999954,0.999954,0.009559,7.083795,-185.419168,2,1,0,0,1,229.4,-326.8],"edges":[0,1,1,2,2,3,3,4,4,5,5,6,6,7,7,0],"userEdges":[]},{"type":"mesh","name":"R_eye_sad","width":70,"height":72,"vertices":[-66.65,-262.35,-68.33,-234.07,-55.43,-221.82,-34.7,-219.78,-23.05,-236.42,-24.94,-258.43,-41.89,-272.39],"uvs":[0.10097,0.21843,0.06929,0.7375,0.31286,0.9625,0.70429,1,0.92429,0.69444,0.88857,0.29028,0.56857,0.03403],"triangles":[6,0,5,0,1,5,5,1,4,1,2,4,2,3,4],"weights":[2,8,0.9,2,0.1,2,8,0.9,2,0.1,2,8,0.9,2,0.1,2,8,0.9,2,0.1,2,8,0.9,2,0.1,2,8,0.9,2,0.1,2,8,0.9,2,0.1],"slotPose":[1,0,0,1,0,0],"bonePose":[8,0.009559,-0.999954,0.999954,0.009559,7.083795,-185.419168,2,1,0,0,1,229.4,-326.8],"edges":[0,1,1,2,2,3,3,4,4,5,5,6,6,0],"userEdges":[]}]}]}],"animation":[{"duration":65,"playTimes":0,"name":"idle","bone":[{"name":"R_clavicles","rotateFrame":[{"duration":32,"tweenEasing":0},{"duration":33,"tweenEasing":0,"rotate":1.54},{"duration":0}]},{"name":"R_arm","rotateFrame":[{"duration":65,"rotate":-22.85}]},{"name":"R_forearm","rotateFrame":[{"duration":65,"rotate":-17.12}]},{"name":"L_clavicles","rotateFrame":[{"duration":32,"tweenEasing":0,"rotate":-10.32},{"duration":33,"tweenEasing":0,"rotate":-12.3},{"duration":0,"rotate":-10.32}]},{"name":"L_arm","rotateFrame":[{"duration":65,"rotate":42.24}]},{"name":"L_forearm","rotateFrame":[{"duration":65,"rotate":7.52}]},{"name":"head","translateFrame":[{"duration":5,"tweenEasing":0},{"duration":27,"tweenEasing":0,"x":-0.63},{"duration":5,"tweenEasing":0},{"duration":28,"tweenEasing":0,"x":0.17},{"duration":0}],"rotateFrame":[{"duration":32,"tweenEasing":0,"rotate":-0.07},{"duration":33,"tweenEasing":0,"rotate":-1.56},{"duration":0,"rotate":-0.84}]},{"name":"R_hand","rotateFrame":[{"duration":65,"rotate":-7.62}]},{"name":"L_hand","rotateFrame":[{"duration":65,"rotate":13.5}]},{"name":"brow_L1","translateFrame":[{"duration":65,"x":0.04,"y":1.25}],"rotateFrame":[{"duration":65,"rotate":7.7}]},{"name":"brow_L","translateFrame":[{"duration":65,"x":-4.86,"y":2.2}]},{"name":"brow_L2","translateFrame":[{"duration":65,"x":1.01,"y":4.31}],"rotateFrame":[{"duration":65,"rotate":-15.71}]},{"name":"brow_R","translateFrame":[{"duration":65,"x":3.05,"y":4.64}],"rotateFrame":[{"duration":65,"rotate":5.98}]},{"name":"brow_R1","translateFrame":[{"duration":65,"x":-1.1,"y":5.44}],"rotateFrame":[{"duration":65,"rotate":-5.73}]},{"name":"brow_R2","translateFrame":[{"duration":65,"x":0.44,"y":3.15}],"rotateFrame":[{"duration":65,"rotate":3.35}]},{"name":"brow_masterCtrl","translateFrame":[{"duration":32,"tweenEasing":0,"x":-1.1,"y":-0.17},{"duration":33,"tweenEasing":0,"x":-1.02,"y":-0.17},{"duration":0,"x":-1.1,"y":-0.17}]},{"name":"pupil","translateFrame":[{"duration":5,"tweenEasing":0,"x":-2.78,"y":0.63},{"duration":27,"tweenEasing":0,"x":-2.54,"y":0.63},{"duration":5,"tweenEasing":0,"x":1.69,"y":0.64},{"duration":28,"tweenEasing":0,"x":1.69,"y":0.64},{"duration":0,"x":-2.78,"y":0.63}]},{"name":"mouth_masterCtrl","translateFrame":[{"duration":5,"tweenEasing":0},{"duration":27,"tweenEasing":0},{"duration":5,"tweenEasing":0,"x":4.85,"y":0.05},{"duration":28,"tweenEasing":0,"x":4.85,"y":0.05},{"duration":0}]},{"name":"L_mouth_conner","translateFrame":[{"duration":65,"x":-0.11,"y":-3.34}]},{"name":"R_mouth_conner","translateFrame":[{"duration":65,"x":0.74,"y":-2.95}]},{"name":"3d_head","translateFrame":[{"duration":5,"tweenEasing":0},{"duration":27,"tweenEasing":0},{"duration":5,"tweenEasing":0,"y":-38.51},{"duration":28,"tweenEasing":0,"y":-38.51},{"duration":0}]},{"name":"3d_torso","translateFrame":[{"duration":32,"tweenEasing":0},{"duration":33,"tweenEasing":0,"y":-33.14},{"duration":0}]}],"slot":[{"name":"eye_L","displayFrame":[{"duration":55},{"value":3},{"duration":4,"value":1},{"duration":5}]},{"name":"eye_R","displayFrame":[{"duration":55},{"value":3},{"duration":4,"value":1},{"duration":5}]},{"name":"1pupil1","displayFrame":[{"duration":56},{"duration":4,"value":-1},{"duration":5}]},{"name":"1pupil","displayFrame":[{"duration":56},{"duration":4,"value":-1},{"duration":5}]}]},{"duration":30,"playTimes":0,"name":"like","bone":[{"name":"hair1","rotateFrame":[{"duration":2,"tweenEasing":0},{"tweenEasing":0,"rotate":4.52},{"duration":4,"tweenEasing":0},{"tweenEasing":0,"rotate":-5.65},{"duration":22}]},{"name":"3d_torso","translateFrame":[{"duration":3,"tweenEasing":0},{"duration":5,"tweenEasing":0,"x":13.57,"y":84.69},{"duration":4,"tweenEasing":0,"x":-3.27,"y":-28.97},{"duration":18}]},{"name":"3d_head","translateFrame":[{"duration":3,"tweenEasing":0},{"duration":5,"tweenEasing":0,"x":19.71,"y":166.97},{"duration":4,"tweenEasing":0,"x":-3.27,"y":-28.97},{"duration":18}]},{"name":"hair2","rotateFrame":[{"duration":3,"tweenEasing":0},{"duration":4,"tweenEasing":0},{"tweenEasing":0,"rotate":-9.56},{"duration":22}]},{"name":"body1","translateFrame":[{"duration":3,"tweenEasing":0},{"duration":5,"tweenEasing":0},{"duration":4,"tweenEasing":0,"x":8.73,"y":-1.46},{"duration":18}],"rotateFrame":[{"duration":3,"tweenEasing":0},{"duration":5,"tweenEasing":0,"rotate":3.25},{"duration":4,"tweenEasing":0,"rotate":-1.53},{"duration":16,"tweenEasing":0,"rotate":-6.2},{"duration":2,"tweenEasing":0,"rotate":-6.2},{"duration":0}]},{"name":"body2","translateFrame":[{"duration":3,"tweenEasing":0},{"duration":5,"tweenEasing":0,"x":-23.72,"y":0.55},{"duration":4,"tweenEasing":0,"x":0.87,"y":-3.27},{"duration":16,"tweenEasing":0,"x":-2.24,"y":0.23},{"duration":2,"tweenEasing":0,"x":-2.24,"y":0.23},{"duration":0}],"rotateFrame":[{"duration":3,"tweenEasing":0},{"duration":5,"tweenEasing":0,"rotate":4.71},{"duration":20,"tweenEasing":0,"rotate":-5.59},{"duration":2,"tweenEasing":0,"rotate":-5.59},{"duration":0}]},{"name":"L_clavicles","rotateFrame":[{"duration":3,"tweenEasing":0,"rotate":-10.32},{"duration":5,"tweenEasing":0,"rotate":-10.32},{"duration":4,"tweenEasing":0,"rotate":-28.53},{"duration":16,"tweenEasing":0,"rotate":-24.05},{"duration":2,"tweenEasing":0,"rotate":-24.05},{"duration":0,"rotate":-10.32}]},{"name":"R_clavicles","rotateFrame":[{"duration":3,"tweenEasing":0},{"duration":5,"tweenEasing":0},{"duration":20,"tweenEasing":0,"rotate":4.9},{"duration":2,"tweenEasing":0,"rotate":4.9},{"duration":0}]},{"name":"head","translateFrame":[{"duration":3,"tweenEasing":0},{"duration":4,"tweenEasing":0,"x":-7,"y":-2.8},{"duration":5,"tweenEasing":0,"x":-0.15,"y":0.04},{"duration":16,"tweenEasing":0,"x":-4.83,"y":3.53},{"duration":2,"tweenEasing":0,"x":-4.83,"y":3.53},{"duration":0}],"rotateFrame":[{"duration":3,"tweenEasing":0,"rotate":-0.07},{"duration":4,"tweenEasing":0,"rotate":-1.56},{"duration":5,"tweenEasing":0,"rotate":-3.47},{"duration":16,"tweenEasing":0,"rotate":-6.74},{"duration":2,"tweenEasing":0,"rotate":-6.74},{"duration":0,"rotate":-0.07}]},{"name":"brow_masterCtrl","translateFrame":[{"duration":3,"tweenEasing":0,"x":-1.1,"y":-0.17},{"duration":5,"tweenEasing":0,"x":-8.43,"y":-4.6},{"duration":4,"tweenEasing":0,"x":23.56,"y":4.06},{"duration":16,"tweenEasing":0,"x":13.86,"y":4.56},{"duration":2,"tweenEasing":0,"x":13.86,"y":4.56},{"duration":0,"x":-1.1,"y":-0.17}]},{"name":"mouth_masterCtrl","translateFrame":[{"duration":3,"tweenEasing":0},{"duration":5,"tweenEasing":0},{"duration":20,"tweenEasing":0,"x":-3.06,"y":2.09},{"duration":2,"tweenEasing":0,"x":-3.06,"y":2.09},{"duration":0}],"rotateFrame":[{"duration":3,"tweenEasing":0},{"duration":5,"tweenEasing":0},{"duration":20,"tweenEasing":0,"rotate":-0.75},{"duration":2,"tweenEasing":0,"rotate":-0.75},{"duration":0}]},{"name":"pupil","translateFrame":[{"duration":3,"tweenEasing":0,"x":-2.78,"y":0.63},{"duration":4,"tweenEasing":0,"x":-7.22,"y":3.31},{"duration":21,"tweenEasing":0,"x":-1.08,"y":1.39},{"duration":2,"tweenEasing":0,"x":-1.08,"y":1.39},{"duration":0,"x":-2.78,"y":0.63}]},{"name":"L_arm","translateFrame":[{"duration":7,"tweenEasing":0},{"tweenEasing":0},{"duration":4,"tweenEasing":0,"x":-6.76,"y":-10.32},{"duration":16,"tweenEasing":0,"x":-5.42,"y":-1.39},{"duration":2,"tweenEasing":0,"x":-5.42,"y":-1.39},{"duration":0}],"rotateFrame":[{"duration":3,"tweenEasing":0,"rotate":42.24},{"duration":5,"tweenEasing":0,"rotate":32.89},{"duration":4,"tweenEasing":0,"rotate":13.38},{"duration":16,"tweenEasing":0,"rotate":22.69},{"duration":2,"tweenEasing":0,"rotate":22.69},{"duration":0,"rotate":42.24}]},{"name":"R_arm","translateFrame":[{"duration":3,"tweenEasing":0},{"duration":5,"tweenEasing":0},{"duration":4,"tweenEasing":0,"x":-15.03,"y":16.44},{"duration":16,"tweenEasing":0,"x":-16.95,"y":6.49},{"duration":2,"tweenEasing":0,"x":-16.95,"y":6.49},{"duration":0}],"rotateFrame":[{"duration":3,"tweenEasing":0,"rotate":-22.85},{"duration":5,"tweenEasing":0,"rotate":-18.31},{"duration":20,"tweenEasing":0,"rotate":17.83},{"duration":2,"tweenEasing":0,"rotate":17.83},{"duration":0,"rotate":-22.85}]},{"name":"brow_L","translateFrame":[{"duration":3,"tweenEasing":0,"x":-4.86,"y":2.2},{"duration":5,"tweenEasing":0,"x":-0.53,"y":6.07},{"duration":4,"tweenEasing":0,"x":-15.68,"y":8.28},{"duration":16,"tweenEasing":0,"x":-17.64,"y":8.73},{"duration":2,"tweenEasing":0,"x":-17.64,"y":8.73},{"duration":0,"x":-4.86,"y":2.2}],"rotateFrame":[{"duration":3,"tweenEasing":0},{"duration":5,"tweenEasing":0,"rotate":0.53},{"duration":4,"tweenEasing":0,"rotate":-16.31},{"duration":16,"tweenEasing":0,"rotate":-19.36},{"duration":2,"tweenEasing":0,"rotate":-19.36},{"duration":0}]},{"name":"L_mouth_conner","translateFrame":[{"duration":30,"x":-0.11,"y":-3.34}]},{"name":"R_mouth_conner","translateFrame":[{"duration":30,"x":0.74,"y":-2.95}]},{"name":"brow_R","translateFrame":[{"duration":3,"tweenEasing":0,"x":3.05,"y":4.64},{"duration":5,"tweenEasing":0,"x":9.87,"y":5.82},{"duration":20,"tweenEasing":0,"x":3.02,"y":4.2},{"duration":2,"tweenEasing":0,"x":3.02,"y":4.2},{"duration":0,"x":3.05,"y":4.64}],"rotateFrame":[{"duration":3,"tweenEasing":0,"rotate":5.98},{"duration":5,"tweenEasing":0,"rotate":1.89},{"duration":20,"tweenEasing":0,"rotate":8.23},{"duration":2,"tweenEasing":0,"rotate":8.23},{"duration":0,"rotate":5.98}]},{"name":"R_forearm","translateFrame":[{"duration":3,"tweenEasing":0},{"duration":5,"tweenEasing":0},{"duration":20,"tweenEasing":0,"x":-18.98,"y":-0.82},{"duration":2,"tweenEasing":0,"x":-18.98,"y":-0.82},{"duration":0}],"rotateFrame":[{"duration":3,"tweenEasing":0,"rotate":-17.12},{"duration":5,"tweenEasing":0,"rotate":-42.19},{"duration":20,"tweenEasing":0,"rotate":-10.32},{"duration":2,"tweenEasing":0,"rotate":-10.32},{"duration":0,"rotate":-17.12}]},{"name":"L_forearm","translateFrame":[{"duration":3,"tweenEasing":0},{"duration":5,"tweenEasing":0},{"duration":4,"tweenEasing":0,"x":-27.4,"y":-10.74},{"duration":16,"tweenEasing":0,"x":-23.84,"y":-4.23},{"duration":2,"tweenEasing":0,"x":-23.84,"y":-4.23},{"duration":0}],"rotateFrame":[{"duration":3,"tweenEasing":0,"rotate":7.52},{"duration":5,"tweenEasing":0,"rotate":33.04},{"duration":4,"tweenEasing":0,"rotate":13.89},{"duration":16,"tweenEasing":0,"rotate":7.2},{"duration":2,"tweenEasing":0,"rotate":7.2},{"duration":0,"rotate":7.52}]},{"name":"R_hand","translateFrame":[{"duration":3,"tweenEasing":0},{"duration":5,"tweenEasing":0},{"duration":4,"tweenEasing":0,"x":-35.68,"y":14.93},{"duration":16,"tweenEasing":0,"x":-31.7,"y":7.8},{"duration":2,"tweenEasing":0,"x":-31.7,"y":7.8},{"duration":0}],"rotateFrame":[{"duration":3,"tweenEasing":0,"rotate":-7.62},{"duration":5,"tweenEasing":0,"rotate":-7.62},{"duration":20,"tweenEasing":0,"rotate":-54.76},{"duration":2,"tweenEasing":0,"rotate":-54.76},{"duration":0,"rotate":-7.62}]},{"name":"brow_L2","translateFrame":[{"duration":3,"tweenEasing":0,"x":1.01,"y":4.31},{"duration":5,"tweenEasing":0,"x":1.01,"y":4.31},{"duration":4,"tweenEasing":0,"x":-0.2,"y":7.83},{"duration":16,"tweenEasing":0,"x":0.46,"y":7.35},{"duration":2,"tweenEasing":0,"x":0.46,"y":7.35},{"duration":0,"x":1.01,"y":4.31}],"rotateFrame":[{"duration":3,"tweenEasing":0,"rotate":-15.71},{"duration":5,"tweenEasing":0,"rotate":-15.71},{"duration":4,"tweenEasing":0,"rotate":-21.66},{"duration":18,"rotate":-15.71}]},{"name":"brow_R1","translateFrame":[{"duration":30,"x":-1.1,"y":5.44}],"rotateFrame":[{"duration":3,"tweenEasing":0,"rotate":-5.73},{"duration":5,"tweenEasing":0,"rotate":-5.73},{"duration":20,"tweenEasing":0,"rotate":-26.12},{"duration":2,"tweenEasing":0,"rotate":-26.12},{"duration":0,"rotate":-5.73}]},{"name":"brow_L1","translateFrame":[{"duration":3,"tweenEasing":0,"x":0.04,"y":1.25},{"duration":5,"tweenEasing":0,"x":0.04,"y":1.25},{"duration":4,"tweenEasing":0,"x":-0.33,"y":5.59},{"duration":16,"tweenEasing":0,"x":-1.56,"y":5.33},{"duration":2,"tweenEasing":0,"x":-1.56,"y":5.33},{"duration":0,"x":0.04,"y":1.25}],"rotateFrame":[{"duration":3,"tweenEasing":0,"rotate":7.7},{"duration":5,"tweenEasing":0,"rotate":7.7},{"duration":20,"tweenEasing":0,"rotate":18.25},{"duration":2,"tweenEasing":0,"rotate":18.25},{"duration":0,"rotate":7.7}]},{"name":"L_hand","translateFrame":[{"duration":3,"tweenEasing":0},{"duration":4,"tweenEasing":0},{"tweenEasing":0,"x":-23.01,"y":-6.5},{"duration":4,"tweenEasing":0,"x":-35.41,"y":-22.85},{"duration":16,"tweenEasing":0,"x":-26.68,"y":-18.29},{"duration":2,"tweenEasing":0,"x":-26.68,"y":-18.29},{"duration":0}],"rotateFrame":[{"duration":3,"tweenEasing":0,"rotate":13.5},{"duration":5,"tweenEasing":0,"rotate":13.5},{"duration":20,"tweenEasing":0,"rotate":48.48},{"duration":2,"tweenEasing":0,"rotate":48.48},{"duration":0,"rotate":13.5}]},{"name":"brow_R2","translateFrame":[{"duration":3,"tweenEasing":0,"x":0.44,"y":3.15},{"duration":5,"tweenEasing":0,"x":0.44,"y":3.15},{"duration":20,"tweenEasing":0,"x":1.05,"y":7.83},{"duration":2,"tweenEasing":0,"x":1.05,"y":7.83},{"duration":0,"x":0.44,"y":3.15}],"rotateFrame":[{"duration":3,"tweenEasing":0,"rotate":3.35},{"duration":5,"tweenEasing":0,"rotate":3.35},{"duration":20,"tweenEasing":0,"rotate":11.68},{"duration":2,"tweenEasing":0,"rotate":11.68},{"duration":0,"rotate":3.35}]}],"slot":[{"name":"R_hand","displayFrame":[{"duration":3,"value":1},{"duration":27},{"duration":0,"value":1}]},{"name":"L_hand","displayFrame":[{"duration":3,"value":1},{"duration":27},{"duration":0,"value":1}]},{"name":"eye_R","displayFrame":[{"duration":2},{"value":3},{"duration":4,"value":1},{"duration":23}]},{"name":"eye_L","displayFrame":[{"duration":2},{"value":3},{"duration":4,"value":1},{"duration":23}]},{"name":"mouth","displayFrame":[{"duration":8},{"duration":22,"value":1},{"duration":0}]},{"name":"1pupil1","displayFrame":[{"duration":3},{"duration":4,"value":-1},{"duration":23}]},{"name":"1pupil","displayFrame":[{"duration":3},{"duration":4,"value":-1},{"duration":23}]}]},{"duration":107,"playTimes":0,"name":"bored","bone":[{"name":"3d_torso","translateFrame":[{"duration":12,"tweenEasing":0},{"duration":10,"tweenEasing":0,"y":35.48},{"duration":24,"tweenEasing":0,"y":35.48},{"duration":29,"tweenEasing":0,"y":26.32},{"duration":23,"tweenEasing":0,"y":35.48},{"duration":9,"tweenEasing":0,"y":35.48},{"duration":0}]},{"name":"3d_head","translateFrame":[{"duration":12,"tweenEasing":0},{"duration":10,"tweenEasing":0,"y":94.11},{"duration":24,"tweenEasing":0,"y":94.11},{"duration":29,"tweenEasing":0,"y":84.95},{"duration":23,"tweenEasing":0,"y":94.11},{"duration":9,"tweenEasing":0,"y":94.11},{"duration":0}]},{"name":"L_clavicles","rotateFrame":[{"duration":12,"tweenEasing":0,"rotate":-10.32},{"duration":86,"tweenEasing":0,"rotate":-6.98},{"duration":9,"tweenEasing":0,"rotate":-6.98},{"duration":0,"rotate":-10.32}]},{"name":"R_clavicles","rotateFrame":[{"duration":12,"tweenEasing":0},{"duration":86,"tweenEasing":0,"rotate":-8.44},{"duration":9,"tweenEasing":0,"rotate":-8.44},{"duration":0}]},{"name":"head","rotateFrame":[{"duration":98,"tweenEasing":0,"rotate":-0.07},{"duration":9,"tweenEasing":0,"rotate":-0.84},{"duration":0,"rotate":-0.07}]},{"name":"L_arm","rotateFrame":[{"duration":12,"tweenEasing":0,"rotate":42.24},{"duration":86,"tweenEasing":0,"rotate":37.22},{"duration":9,"tweenEasing":0,"rotate":37.22},{"duration":0,"rotate":42.24}]},{"name":"mouth_masterCtrl","translateFrame":[{"duration":12,"tweenEasing":0},{"duration":10,"tweenEasing":0,"x":-7.57,"y":-0.04},{"duration":24,"tweenEasing":0,"x":-7.57,"y":-0.04},{"duration":29,"tweenEasing":0,"x":-5.05,"y":-0.03},{"duration":23,"tweenEasing":0,"x":-7.57,"y":-0.04},{"duration":9,"tweenEasing":0,"x":-7.57,"y":-0.04},{"duration":0}]},{"name":"brow_masterCtrl","translateFrame":[{"duration":12,"tweenEasing":0,"x":-1.1,"y":-0.17},{"duration":86,"tweenEasing":0,"x":-5.25,"y":-1.45},{"duration":9,"tweenEasing":0,"x":-5.25,"y":-1.45},{"duration":0,"x":-1.1,"y":-0.17}]},{"name":"R_arm","rotateFrame":[{"duration":12,"tweenEasing":0,"rotate":-22.85},{"duration":86,"tweenEasing":0,"rotate":-13},{"duration":9,"tweenEasing":0,"rotate":-13},{"duration":0,"rotate":-22.85}]},{"name":"pupil","translateFrame":[{"duration":12,"tweenEasing":0,"x":-2.78,"y":0.63},{"duration":33,"tweenEasing":0,"x":-9.17,"y":0.6},{"duration":3,"tweenEasing":0,"x":-7.99,"y":0.6},{"duration":25,"tweenEasing":0,"x":-10.45,"y":6.63},{"tweenEasing":0,"x":-10.45,"y":6.63},{"duration":3,"tweenEasing":0,"x":-10.76,"y":6.63},{"duration":21,"tweenEasing":0,"x":-17.68,"y":6.29},{"duration":9,"tweenEasing":0,"x":-17.68,"y":6.29},{"duration":0,"x":-2.78,"y":0.63}]},{"name":"brow_R","translateFrame":[{"duration":107,"x":3.05,"y":4.64}],"rotateFrame":[{"duration":12,"tweenEasing":0,"rotate":5.98},{"duration":86,"tweenEasing":0,"rotate":2.38},{"duration":9,"tweenEasing":0,"rotate":2.38},{"duration":0,"rotate":5.98}]},{"name":"brow_L","translateFrame":[{"duration":12,"tweenEasing":0,"x":-4.86,"y":2.2},{"duration":86,"tweenEasing":0,"x":-3.4,"y":2.17},{"duration":9,"tweenEasing":0,"x":-3.4,"y":2.17},{"duration":0,"x":-4.86,"y":2.2}],"rotateFrame":[{"duration":12,"tweenEasing":0},{"duration":86,"tweenEasing":0,"rotate":-2.91},{"duration":9,"tweenEasing":0,"rotate":-2.91},{"duration":0}]},{"name":"R_mouth_conner","translateFrame":[{"duration":12,"tweenEasing":0,"x":0.74,"y":-2.95},{"duration":86,"tweenEasing":0,"x":1.99,"y":1.29},{"duration":9,"tweenEasing":0,"x":1.99,"y":1.29},{"duration":0,"x":0.74,"y":-2.95}]},{"name":"L_mouth","translateFrame":[{"duration":12,"tweenEasing":0},{"duration":86,"tweenEasing":0,"x":-1.18,"y":0.03},{"duration":9,"tweenEasing":0,"x":-1.18,"y":0.03},{"duration":0}]},{"name":"L_mouth_conner","translateFrame":[{"duration":12,"tweenEasing":0,"x":-0.11,"y":-3.34},{"duration":86,"tweenEasing":0,"x":0.77,"y":4.3},{"duration":9,"tweenEasing":0,"x":0.77,"y":4.3},{"duration":0,"x":-0.11,"y":-3.34}]},{"name":"R_forearm","rotateFrame":[{"duration":107,"rotate":-17.12}]},{"name":"L_forearm","rotateFrame":[{"duration":107,"rotate":7.52}]},{"name":"R_mouth","translateFrame":[{"duration":12,"tweenEasing":0},{"duration":86,"tweenEasing":0,"x":0.84,"y":1.14},{"duration":9,"tweenEasing":0,"x":0.84,"y":1.14},{"duration":0}]},{"name":"brow_R2","translateFrame":[{"duration":12,"tweenEasing":0,"x":0.44,"y":3.15},{"duration":86,"tweenEasing":0,"x":0.26,"y":0.42},{"duration":9,"tweenEasing":0,"x":0.26,"y":0.42},{"duration":0,"x":0.44,"y":3.15}],"rotateFrame":[{"duration":12,"tweenEasing":0,"rotate":3.35},{"duration":86,"tweenEasing":0,"rotate":-2.26},{"duration":9,"tweenEasing":0,"rotate":-2.26},{"duration":0,"rotate":3.35}]},{"name":"brow_L1","translateFrame":[{"duration":12,"tweenEasing":0,"x":0.04,"y":1.25},{"duration":86,"tweenEasing":0,"x":0.42,"y":0.8},{"duration":9,"tweenEasing":0,"x":0.42,"y":0.8},{"duration":0,"x":0.04,"y":1.25}],"rotateFrame":[{"duration":12,"tweenEasing":0,"rotate":7.7},{"duration":86,"tweenEasing":0,"rotate":-5.19},{"duration":9,"tweenEasing":0,"rotate":-5.19},{"duration":0,"rotate":7.7}]},{"name":"L_hand","rotateFrame":[{"duration":107,"rotate":13.5}]},{"name":"brow_L2","translateFrame":[{"duration":12,"tweenEasing":0,"x":1.01,"y":4.31},{"duration":86,"tweenEasing":0,"x":0.43,"y":0.37},{"duration":9,"tweenEasing":0,"x":0.43,"y":0.37},{"duration":0,"x":1.01,"y":4.31}],"rotateFrame":[{"duration":12,"tweenEasing":0,"rotate":-15.71},{"duration":86,"tweenEasing":0,"rotate":-3.52},{"duration":9,"tweenEasing":0,"rotate":-3.52},{"duration":0,"rotate":-15.71}]},{"name":"brow_R1","translateFrame":[{"duration":12,"tweenEasing":0,"x":-1.1,"y":5.44},{"duration":86,"tweenEasing":0,"x":-1.33,"y":1.71},{"duration":9,"tweenEasing":0,"x":-1.33,"y":1.71},{"duration":0,"x":-1.1,"y":5.44}],"rotateFrame":[{"duration":107,"rotate":-5.73}]},{"name":"R_hand","rotateFrame":[{"duration":107,"rotate":-7.62}]}],"slot":[{"name":"eye_R","displayFrame":[{"duration":6},{"duration":39,"value":3},{"duration":3,"value":1},{"duration":26,"value":3},{"duration":3,"value":1},{"duration":25,"value":3},{"duration":5}]},{"name":"eye_L","displayFrame":[{"duration":6},{"duration":39,"value":3},{"duration":3,"value":1},{"duration":26,"value":3},{"duration":3,"value":1},{"duration":25,"value":3},{"duration":5}]},{"name":"1pupil","displayFrame":[{"duration":45},{"duration":3,"value":-1},{"duration":26},{"duration":3,"value":-1},{"duration":30}]},{"name":"1pupil1","displayFrame":[{"duration":45},{"duration":3,"value":-1},{"duration":26},{"duration":3,"value":-1},{"duration":30}]}]},{"duration":100,"playTimes":0,"name":"sad","bone":[{"name":"3d_head","translateFrame":[{"duration":15,"tweenEasing":0},{"duration":71,"tweenEasing":0,"y":87.17},{"duration":8,"tweenEasing":0,"y":87.17},{"duration":6}]},{"name":"L_clavicles","rotateFrame":[{"duration":15,"tweenEasing":0,"rotate":-10.32},{"duration":71,"tweenEasing":0,"rotate":2.01},{"duration":8,"tweenEasing":0,"rotate":2.01},{"duration":6,"rotate":-10.32}]},{"name":"R_clavicles","rotateFrame":[{"duration":15,"tweenEasing":0},{"duration":71,"tweenEasing":0,"rotate":-9.6},{"duration":8,"tweenEasing":0,"rotate":-9.6},{"duration":6}]},{"name":"head","rotateFrame":[{"duration":86,"tweenEasing":0,"rotate":-0.07},{"duration":8,"tweenEasing":0,"rotate":-0.84},{"duration":6,"tweenEasing":0,"rotate":-0.84},{"duration":0,"rotate":-0.07}]},{"name":"L_arm","rotateFrame":[{"duration":15,"tweenEasing":0,"rotate":42.24},{"duration":71,"tweenEasing":0,"rotate":31.39},{"duration":8,"tweenEasing":0,"rotate":31.39},{"duration":6,"rotate":42.24}]},{"name":"mouth_masterCtrl","translateFrame":[{"duration":15,"tweenEasing":0},{"duration":71,"tweenEasing":0,"x":-12.41,"y":-0.06},{"duration":8,"tweenEasing":0,"x":-12.41,"y":-0.06},{"duration":6}]},{"name":"brow_masterCtrl","translateFrame":[{"duration":100,"x":-1.1,"y":-0.17}]},{"name":"R_arm","rotateFrame":[{"duration":13,"tweenEasing":0,"rotate":-22.85},{"duration":73,"tweenEasing":0,"rotate":-19.77},{"duration":8,"tweenEasing":0,"rotate":-19.77},{"duration":6,"rotate":-22.85}]},{"name":"pupil","translateFrame":[{"duration":15,"tweenEasing":0,"x":-2.78,"y":0.63},{"duration":17,"tweenEasing":0,"x":-19.81,"y":0.54},{"duration":3,"tweenEasing":0,"x":-19.81,"y":0.54},{"duration":29,"tweenEasing":0,"x":-19.79,"y":-2.84},{"duration":2,"tweenEasing":0,"x":-19.79,"y":-2.84},{"duration":20,"tweenEasing":0,"x":-19.82,"y":2.88},{"duration":8,"tweenEasing":0,"x":-19.82,"y":2.88},{"duration":6,"x":-2.78,"y":0.63}]},{"name":"brow_R","translateFrame":[{"duration":15,"tweenEasing":0,"x":3.05,"y":4.64},{"duration":71,"tweenEasing":0,"x":7.78,"y":20.97},{"duration":8,"tweenEasing":0,"x":7.78,"y":20.97},{"duration":6,"x":3.05,"y":4.64}],"rotateFrame":[{"duration":15,"tweenEasing":0,"rotate":5.98},{"duration":71,"tweenEasing":0,"rotate":17.83},{"duration":8,"tweenEasing":0,"rotate":17.83},{"duration":6,"rotate":5.98}]},{"name":"brow_L","translateFrame":[{"duration":15,"tweenEasing":0,"x":-4.86,"y":2.2},{"duration":71,"tweenEasing":0,"x":-9.15,"y":22.28},{"duration":8,"tweenEasing":0,"x":-9.15,"y":22.28},{"duration":6,"x":-4.86,"y":2.2}],"rotateFrame":[{"duration":15,"tweenEasing":0},{"duration":71,"tweenEasing":0,"rotate":-14.6},{"duration":8,"tweenEasing":0,"rotate":-14.6},{"duration":6}]},{"name":"R_mouth_conner","translateFrame":[{"duration":15,"tweenEasing":0,"x":0.74,"y":-2.95},{"duration":71,"tweenEasing":0,"x":0.95,"y":6.88},{"duration":8,"tweenEasing":0,"x":0.95,"y":6.88},{"duration":6,"x":0.74,"y":-2.95}]},{"name":"L_mouth_conner","translateFrame":[{"duration":15,"tweenEasing":0,"x":-0.11,"y":-3.34},{"duration":71,"tweenEasing":0,"x":0.13,"y":7.47},{"duration":8,"tweenEasing":0,"x":0.13,"y":7.47},{"duration":6,"x":-0.11,"y":-3.34}]},{"name":"R_forearm","rotateFrame":[{"duration":100,"rotate":-17.12}]},{"name":"L_forearm","rotateFrame":[{"duration":100,"rotate":7.52}]},{"name":"mouth_middle","translateFrame":[{"duration":15,"tweenEasing":0},{"duration":71,"tweenEasing":0,"x":-0.04,"y":-1.82},{"duration":8,"tweenEasing":0,"x":-0.04,"y":-1.82},{"duration":6}]},{"name":"brow_R2","translateFrame":[{"duration":15,"tweenEasing":0,"x":0.44,"y":3.15},{"duration":71,"tweenEasing":0,"x":-1.42,"y":-2.21},{"duration":8,"tweenEasing":0,"x":-1.42,"y":-2.21},{"duration":6,"x":0.44,"y":3.15}],"rotateFrame":[{"duration":15,"tweenEasing":0,"rotate":3.35},{"duration":71,"tweenEasing":0,"rotate":-9.6},{"duration":8,"tweenEasing":0,"rotate":-9.6},{"duration":6,"rotate":3.35}]},{"name":"brow_L1","translateFrame":[{"duration":15,"tweenEasing":0,"x":0.04,"y":1.25},{"duration":71,"tweenEasing":0,"x":-1.02,"y":-3.73},{"duration":8,"tweenEasing":0,"x":-1.02,"y":-3.73},{"duration":6,"x":0.04,"y":1.25}],"rotateFrame":[{"duration":15,"tweenEasing":0,"rotate":7.7},{"duration":71,"tweenEasing":0,"rotate":-15.79},{"duration":8,"tweenEasing":0,"rotate":-15.79},{"duration":6,"rotate":7.7}]},{"name":"L_hand","rotateFrame":[{"duration":100,"rotate":13.5}]},{"name":"brow_L2","translateFrame":[{"duration":15,"tweenEasing":0,"x":1.01,"y":4.31},{"duration":71,"tweenEasing":0,"x":0.96,"y":-0.98},{"duration":8,"tweenEasing":0,"x":0.96,"y":-0.98},{"duration":6,"x":1.01,"y":4.31}],"rotateFrame":[{"duration":15,"tweenEasing":0,"rotate":-15.71},{"duration":71,"tweenEasing":0,"rotate":9.12},{"duration":8,"tweenEasing":0,"rotate":9.12},{"duration":6,"rotate":-15.71}]},{"name":"brow_R1","translateFrame":[{"duration":15,"tweenEasing":0,"x":-1.1,"y":5.44},{"duration":71,"tweenEasing":0,"x":-2.99,"y":-2.91},{"duration":8,"tweenEasing":0,"x":-2.99,"y":-2.91},{"duration":6,"x":-1.1,"y":5.44}],"rotateFrame":[{"duration":15,"tweenEasing":0,"rotate":-5.73},{"duration":71,"tweenEasing":0,"rotate":20.08},{"duration":8,"tweenEasing":0,"rotate":20.08},{"duration":6,"rotate":-5.73}]},{"name":"R_hand","rotateFrame":[{"duration":100,"rotate":-7.62}]}],"slot":[{"name":"eye_R","displayFrame":[{"duration":7},{"duration":25,"value":4},{"duration":3,"value":1},{"duration":29,"value":4},{"duration":2,"value":1},{"duration":23,"value":4},{"duration":11}]},{"name":"eye_L","displayFrame":[{"duration":7},{"duration":25,"value":4},{"duration":3,"value":1},{"duration":29,"value":4},{"duration":2,"value":1},{"duration":23,"value":4},{"duration":11}]},{"name":"1pupil","displayFrame":[{"duration":32},{"duration":3,"value":-1},{"duration":29},{"duration":2,"value":-1},{"duration":34}]},{"name":"1pupil1","displayFrame":[{"duration":32},{"duration":3,"value":-1},{"duration":29},{"duration":2,"value":-1},{"duration":34}]}]},{"duration":36,"playTimes":0,"name":"angry","bone":[{"name":"3d_torso","translateFrame":[{"duration":8,"tweenEasing":0},{"duration":2,"tweenEasing":0,"y":16.47},{"duration":2,"tweenEasing":0,"x":8.62,"y":16.47},{"duration":2,"tweenEasing":0,"y":16.47},{"duration":2,"tweenEasing":0,"x":8.62,"y":16.47},{"duration":2,"tweenEasing":0,"y":16.47},{"duration":2,"tweenEasing":0,"x":8.62,"y":16.47},{"duration":2,"tweenEasing":0,"y":16.47},{"duration":2,"tweenEasing":0,"x":8.62,"y":16.47},{"duration":2,"tweenEasing":0,"y":16.47},{"duration":2,"tweenEasing":0,"x":8.62,"y":16.47},{"duration":2,"tweenEasing":0,"y":16.47},{"duration":3,"tweenEasing":0,"x":8.62,"y":16.47},{"duration":3,"tweenEasing":0,"y":16.47},{"duration":0}]},{"name":"3d_head","translateFrame":[{"duration":8,"tweenEasing":0},{"duration":2,"tweenEasing":0,"x":-54.82,"y":59.9},{"duration":2,"tweenEasing":0,"x":-31.96,"y":59.9},{"duration":2,"tweenEasing":0,"x":-54.82,"y":59.9},{"duration":2,"tweenEasing":0,"x":-31.96,"y":59.9},{"duration":2,"tweenEasing":0,"x":-54.82,"y":59.9},{"duration":2,"tweenEasing":0,"x":-31.96,"y":59.9},{"duration":2,"tweenEasing":0,"x":-54.82,"y":59.9},{"duration":2,"tweenEasing":0,"x":-31.96,"y":59.9},{"duration":2,"tweenEasing":0,"x":-54.82,"y":59.9},{"duration":2,"tweenEasing":0,"x":-31.96,"y":59.9},{"duration":2,"tweenEasing":0,"x":-54.82,"y":59.9},{"duration":2,"tweenEasing":0,"x":-31.96,"y":59.9},{"duration":2,"tweenEasing":0,"x":-54.82,"y":59.9},{"duration":2,"tweenEasing":0,"x":-54.82,"y":59.9},{"duration":0}]},{"name":"body2","rotateFrame":[{"duration":8,"tweenEasing":0},{"duration":25,"tweenEasing":0,"rotate":2.83},{"duration":3,"tweenEasing":0,"rotate":2.83},{"duration":0}]},{"name":"L_clavicles","rotateFrame":[{"duration":8,"tweenEasing":0,"rotate":-10.32},{"duration":26,"tweenEasing":0,"rotate":-24.37},{"duration":2,"tweenEasing":0,"rotate":-26.89},{"duration":0,"rotate":-10.32}]},{"name":"R_clavicles","rotateFrame":[{"duration":8,"tweenEasing":0},{"duration":25,"tweenEasing":0,"rotate":16.39},{"duration":3,"tweenEasing":0,"rotate":18.96},{"duration":0}]},{"name":"head","translateFrame":[{"duration":8,"tweenEasing":0},{"duration":25,"tweenEasing":0,"x":-5.54,"y":0.86},{"duration":3,"tweenEasing":0,"x":-11.21,"y":-0.8},{"duration":0}],"rotateFrame":[{"duration":4,"tweenEasing":0,"rotate":-0.07},{"duration":29,"tweenEasing":0,"rotate":5.64},{"duration":3,"tweenEasing":0,"rotate":6.96},{"duration":0,"rotate":-0.07}]},{"name":"hair1","rotateFrame":[{"duration":5,"tweenEasing":0},{"duration":4,"tweenEasing":0,"rotate":1.87},{"duration":27}]},{"name":"mouth_masterCtrl","translateFrame":[{"duration":8,"tweenEasing":0},{"duration":2,"tweenEasing":0,"x":-1.51,"y":-5.11},{"duration":2,"tweenEasing":0,"x":-0.97,"y":-1.8},{"duration":2,"tweenEasing":0,"x":-1.51,"y":-5.11},{"duration":2,"tweenEasing":0,"x":-0.97,"y":-1.8},{"duration":2,"tweenEasing":0,"x":-1.51,"y":-5.11},{"duration":2,"tweenEasing":0,"x":-0.97,"y":-1.8},{"duration":2,"tweenEasing":0,"x":-1.51,"y":-5.11},{"duration":2,"tweenEasing":0,"x":-0.97,"y":-1.8},{"duration":2,"tweenEasing":0,"x":-1.51,"y":-5.11},{"duration":2,"tweenEasing":0,"x":-0.97,"y":-1.8},{"duration":2,"tweenEasing":0,"x":-1.51,"y":-5.11},{"duration":2,"tweenEasing":0,"x":-0.97,"y":-1.8},{"duration":2,"tweenEasing":0,"x":-1.51,"y":-5.11},{"duration":2,"tweenEasing":0,"x":-0.97,"y":-1.8},{"duration":0}]},{"name":"brow_masterCtrl","translateFrame":[{"duration":36,"x":-1.1,"y":-0.17}]},{"name":"L_arm","rotateFrame":[{"duration":8,"tweenEasing":0,"rotate":42.24},{"duration":25,"tweenEasing":0,"rotate":39},{"tweenEasing":0,"rotate":36.12},{"duration":2,"tweenEasing":0,"rotate":40.72},{"duration":0,"rotate":42.24}]},{"name":"R_arm","rotateFrame":[{"duration":8,"tweenEasing":0,"rotate":-22.85},{"duration":25,"tweenEasing":0,"rotate":-29.7},{"duration":3,"tweenEasing":0,"rotate":-25.91},{"duration":0,"rotate":-22.85}]},{"name":"pupil","translateFrame":[{"duration":8,"tweenEasing":0,"x":-2.78,"y":0.63},{"duration":2,"tweenEasing":0,"x":-5.57,"y":-5.64},{"duration":2,"tweenEasing":0,"x":-5.17,"y":-3.15},{"duration":2,"tweenEasing":0,"x":-5.57,"y":-5.64},{"duration":2,"tweenEasing":0,"x":-5.17,"y":-3.15},{"duration":2,"tweenEasing":0,"x":-5.57,"y":-5.64},{"duration":2,"tweenEasing":0,"x":-5.17,"y":-3.15},{"duration":2,"tweenEasing":0,"x":-5.57,"y":-5.64},{"duration":2,"tweenEasing":0,"x":-5.17,"y":-3.15},{"duration":2,"tweenEasing":0,"x":-5.57,"y":-5.64},{"duration":2,"tweenEasing":0,"x":-5.17,"y":-3.15},{"duration":2,"tweenEasing":0,"x":-5.57,"y":-5.64},{"duration":2,"tweenEasing":0,"x":-5.17,"y":-3.15},{"tweenEasing":0,"x":-5.57,"y":-5.64},{"duration":3,"tweenEasing":0,"x":-5.57,"y":-5.64},{"duration":0,"x":-2.78,"y":0.63}]},{"name":"brow_R","translateFrame":[{"duration":8,"tweenEasing":0,"x":3.05,"y":4.64},{"duration":25,"tweenEasing":0,"x":-4.29,"y":26.49},{"duration":3,"tweenEasing":0,"x":-4.29,"y":26.49},{"duration":0,"x":3.05,"y":4.64}],"rotateFrame":[{"duration":8,"tweenEasing":0,"rotate":5.98},{"duration":25,"tweenEasing":0,"rotate":-44.29},{"duration":3,"tweenEasing":0,"rotate":-44.29},{"duration":0,"rotate":5.98}]},{"name":"brow_L","translateFrame":[{"duration":8,"tweenEasing":0,"x":-4.86,"y":2.2},{"duration":25,"tweenEasing":0,"x":0.35,"y":23.72},{"duration":3,"tweenEasing":0,"x":0.35,"y":23.72},{"duration":0,"x":-4.86,"y":2.2}],"rotateFrame":[{"duration":8,"tweenEasing":0},{"duration":25,"tweenEasing":0,"rotate":34.87},{"duration":3,"tweenEasing":0,"rotate":34.87},{"duration":0}]},{"name":"R_mouth_conner","translateFrame":[{"duration":8,"tweenEasing":0,"x":0.74,"y":-2.95},{"duration":25,"tweenEasing":0,"x":0.64,"y":8.12},{"duration":3,"tweenEasing":0,"x":0.64,"y":8.12},{"duration":0,"x":0.74,"y":-2.95}]},{"name":"L_mouth","translateFrame":[{"duration":8,"tweenEasing":0},{"duration":25,"tweenEasing":0,"x":-2,"y":1.24},{"duration":3,"tweenEasing":0,"x":-2,"y":1.24},{"duration":0}]},{"name":"L_mouth_conner","translateFrame":[{"duration":8,"tweenEasing":0,"x":-0.11,"y":-3.34},{"duration":25,"tweenEasing":0,"x":0.99,"y":13.48},{"duration":3,"tweenEasing":0,"x":0.99,"y":13.48},{"duration":0,"x":-0.11,"y":-3.34}]},{"name":"R_forearm","rotateFrame":[{"duration":8,"tweenEasing":0,"rotate":-17.12},{"duration":25,"tweenEasing":0,"rotate":-23.15},{"tweenEasing":0,"rotate":-25.23},{"duration":2,"tweenEasing":0,"rotate":-25.77},{"duration":0,"rotate":-17.12}]},{"name":"L_forearm","rotateFrame":[{"duration":8,"tweenEasing":0,"rotate":7.52},{"duration":25,"tweenEasing":0,"rotate":14.55},{"tweenEasing":0,"rotate":20.78},{"duration":2,"tweenEasing":0,"rotate":17.33},{"duration":0,"rotate":7.52}]},{"name":"R_mouth","translateFrame":[{"duration":8,"tweenEasing":0},{"duration":25,"tweenEasing":0,"x":-0.12,"y":3.28},{"duration":3,"tweenEasing":0,"x":-0.12,"y":3.28},{"duration":0}]},{"name":"brow_R1","translateFrame":[{"duration":8,"tweenEasing":0,"x":-1.1,"y":5.44},{"duration":25,"tweenEasing":0,"x":0.45,"y":-1.36},{"duration":3,"tweenEasing":0,"x":0.45,"y":-1.36},{"duration":0,"x":-1.1,"y":5.44}],"rotateFrame":[{"duration":8,"tweenEasing":0,"rotate":-5.73},{"duration":25,"tweenEasing":0,"rotate":0.18},{"duration":3,"tweenEasing":0,"rotate":0.18},{"duration":0,"rotate":-5.73}]},{"name":"brow_L1","translateFrame":[{"duration":8,"tweenEasing":0,"x":0.04,"y":1.25},{"duration":25,"tweenEasing":0,"x":3.11,"y":-2.01},{"duration":3,"tweenEasing":0,"x":3.11,"y":-2.01},{"duration":0,"x":0.04,"y":1.25}],"rotateFrame":[{"duration":8,"tweenEasing":0,"rotate":7.7},{"duration":25,"tweenEasing":0,"rotate":-0.17},{"duration":3,"tweenEasing":0,"rotate":-0.17},{"duration":0,"rotate":7.7}]},{"name":"L_hand","rotateFrame":[{"duration":36,"rotate":13.5}]},{"name":"brow_L2","translateFrame":[{"duration":8,"tweenEasing":0,"x":1.01,"y":4.31},{"duration":25,"tweenEasing":0,"x":-1.83,"y":0.13},{"duration":3,"tweenEasing":0,"x":-1.83,"y":0.13},{"duration":0,"x":1.01,"y":4.31}],"rotateFrame":[{"duration":8,"tweenEasing":0,"rotate":-15.71},{"duration":25,"tweenEasing":0,"rotate":-5.15},{"duration":3,"tweenEasing":0,"rotate":-5.15},{"duration":0,"rotate":-15.71}]},{"name":"brow_R2","translateFrame":[{"duration":8,"tweenEasing":0,"x":0.44,"y":3.15},{"duration":25,"tweenEasing":0,"x":5.71,"y":2.13},{"duration":3,"tweenEasing":0,"x":5.71,"y":2.13},{"duration":0,"x":0.44,"y":3.15}],"rotateFrame":[{"duration":36,"rotate":3.35}]},{"name":"R_hand","rotateFrame":[{"duration":36,"rotate":-7.62}]}],"slot":[{"name":"R_hand","displayFrame":[{"value":1},{"duration":35,"value":2},{"duration":0,"value":1}]},{"name":"L_hand","displayFrame":[{"value":1},{"duration":35,"value":2},{"duration":0,"value":1}]},{"name":"eye_R","displayFrame":[{"duration":4},{"duration":32,"value":2},{"duration":0}]},{"name":"eye_L","displayFrame":[{"duration":4},{"duration":32,"value":2},{"duration":0}]}]}],"defaultActions":[{"gotoAndPlay":"idle"}]}]}